Subject,Regarding,Required Attendees,Priority,Start Time,End Time,Location,Status,Owner,Actual Start,Actual End,Created On,Created By,Description,Duration,Is Online Meeting,Organizer,Status Reason
A-100 discussion with Trey Research,5 Café A-100 Automatic,Alex Baker,Normal,3/11/2025 13:00,3/11/2025 13:30,Microsoft Teams Meeting,Open,David Mallory,,,3/10/2025 12:56,David Mallory,"<html>
<head>
<meta http-equiv=""Content-Type"" content=""text/html; charset=utf-8"">
</head>
<body>
<div class=""me-email-text"" style=""max-width:520px; color:#242424; font-family:'Segoe UI','Helvetica Neue',Helvetica,Arial,sans-serif"">
<div style=""margin-bottom:24px; overflow:hidden; white-space:nowrap"">________________________________________________________________________________</div>
<div style=""margin-bottom:12px""><span class=""me-email-text"" style=""font-size:24px; font-weight:700; margin-right:12px"">Microsoft Teams</span>
<a href=""https://aka.ms/JoinTeamsMeeting?omkt=en-US"" id=""meet_invite_block.action.help"" class=""me-email-link"" style=""font-size:14px; text-decoration:underline; color:#5B5FC7"">
Need help?</a> </div>
<div style=""margin-bottom:6px""><a href=""https://teams.microsoft.com/l/meetup-join/19%3ameeting_NDUxZGQ4YTctNGM1OC00YTFkLWFhNjItYWU2OTUxMDUxNmYw%40thread.v2/0?context=%7b%22Tid%22%3a%22283ad180-97bf-4f71-a61e-f35dc0ae70b2%22%2c%22Oid%22%3a%2225b6cc34-b4c3-4b8b-954d-87519834c189%22%7d"" id=""meet_invite_block.action.join_link"" title=""Meeting join link"" class=""me-email-headline"" style=""font-size:20px; font-weight:600; text-decoration:underline; color:#5B5FC7"">Join
 the meeting now</a> </div>
<div style=""margin-bottom:6px""><span class=""me-email-text-secondary"" style=""font-size:14px; color:#616161"">Meeting ID:
</span><span class=""me-email-text"" style=""font-size:14px; color:#242424"">230 437 206 674</span>
</div>
<div style=""margin-bottom:24px; max-width:532px"">
<hr style=""border:0; background:#D1D1D1; height:1px"">
</div>
<div>
<div style=""margin-bottom:6px""><span class=""me-email-text"" style=""font-size:16px; color:#242424; font-weight:600; margin-right:4px"">Dial in by phone</span>
</div>
<div style=""margin-bottom:6px""><a href=""tel:+14699986023,,824471949#"" id=""meet_invite_block.action.join_phone_number1"" class=""me-email-link"" style=""font-size:14px; text-decoration:underline; color:#5B5FC7; margin-right:6px"">+1 469-998-6023,,824471949#</a>
<span class=""me-email-text"" style=""font-size:14px; color:#616161"">United States, Dallas</span>
</div>
<div style=""margin-bottom:6px""><a href=""https://dialin.teams.microsoft.com/cd6d8c31-5f01-4d52-94a2-f9c8f78b8e87?id=824471949"" id=""meet_invite_block.action.join_phone_find_local_number"" class=""me-email-link"" style=""font-size:14px; text-decoration:underline; color:#5B5FC7"">Find
 a local number</a> </div>
</div>
<div style=""margin-bottom:24px""><span class=""me-email-text-secondary"" style=""font-size:14px; color:#616161"">Phone conference ID:
</span><span class=""me-email-text"" style=""font-size:14px; color:#242424"">824 471 949#</span>
</div>
<div><span class=""me-email-text-secondary"" style=""font-size:14px; color:#616161"">For organizers:
</span><a href=""https://teams.microsoft.com/meetingOptions/?organizerId=25b6cc34-b4c3-4b8b-954d-87519834c189&amp;tenantId=283ad180-97bf-4f71-a61e-f35dc0ae70b2&amp;threadId=19_meeting_NDUxZGQ4YTctNGM1OC00YTFkLWFhNjItYWU2OTUxMDUxNmYw@thread.v2&amp;messageId=0&amp;language=en-US"" id=""meet_invite_block.action.organizer_meet_options"" class=""me-email-link"" style=""font-size:14px; text-decoration:underline; color:#5B5FC7"">Meeting
 options</a> <span style=""color:#D1D1D1"">|</span> <a href=""https://dialin.teams.microsoft.com/usp/pstnconferencing"" id=""meet_invite_block.action.organizer_reset_dialin_pin"" class=""me-email-link"" style=""font-size:14px; text-decoration:underline; color:#5B5FC7"">
Reset dial-in PIN</a> </div>
<div style=""margin-top:24px; margin-bottom:6px""></div>
<div style=""margin-bottom:24px""></div>
<div style=""margin-bottom:24px; overflow:hidden; white-space:nowrap"">________________________________________________________________________________</div>
</div>
</body>
</html>
",30,Yes,David Mallory,Free
Barista discussion with Fourth Coffee,Contoso Intelligent Coffee Machine launch,Claudia Mazzanti,Normal,3/11/2025 9:00,3/11/2025 9:30,Microsoft Teams Meeting,Open,David Mallory,,,3/10/2025 21:42,David Mallory,"<html>
<head>
<meta http-equiv=""Content-Type"" content=""text/html; charset=utf-8"">
</head>
<body>
<div class=""me-email-text"" style=""max-width:520px; color:#242424; font-family:'Segoe UI','Helvetica Neue',Helvetica,Arial,sans-serif"">
<div style=""margin-bottom:24px; overflow:hidden; white-space:nowrap"">________________________________________________________________________________</div>
<div style=""margin-bottom:12px""><span class=""me-email-text"" style=""font-size:24px; font-weight:700; margin-right:12px"">Microsoft Teams</span>
<a href=""https://aka.ms/JoinTeamsMeeting?omkt=en-US"" id=""meet_invite_block.action.help"" class=""me-email-link"" style=""font-size:14px; text-decoration:underline; color:#5B5FC7"">
Need help?</a> </div>
<div style=""margin-bottom:6px""><a href=""https://teams.microsoft.com/l/meetup-join/19%3ameeting_YWRiZWExZTQtMzFmMy00OWFjLTg1MDQtNzQ4OTIzNWE0NTI5%40thread.v2/0?context=%7b%22Tid%22%3a%22283ad180-97bf-4f71-a61e-f35dc0ae70b2%22%2c%22Oid%22%3a%2225b6cc34-b4c3-4b8b-954d-87519834c189%22%7d"" id=""meet_invite_block.action.join_link"" title=""Meeting join link"" class=""me-email-headline"" style=""font-size:20px; font-weight:600; text-decoration:underline; color:#5B5FC7"">Join
 the meeting now</a> </div>
<div style=""margin-bottom:6px""><span class=""me-email-text-secondary"" style=""font-size:14px; color:#616161"">Meeting ID:
</span><span class=""me-email-text"" style=""font-size:14px; color:#242424"">287 267 629 893</span>
</div>
<div style=""margin-bottom:24px; max-width:532px"">
<hr style=""border:0; background:#D1D1D1; height:1px"">
</div>
<div>
<div style=""margin-bottom:6px""><span class=""me-email-text"" style=""font-size:16px; color:#242424; font-weight:600; margin-right:4px"">Dial in by phone</span>
</div>
<div style=""margin-bottom:6px""><a href=""tel:+14699986023,,211393880#"" id=""meet_invite_block.action.join_phone_number1"" class=""me-email-link"" style=""font-size:14px; text-decoration:underline; color:#5B5FC7; margin-right:6px"">+1 469-998-6023,,211393880#</a>
<span class=""me-email-text"" style=""font-size:14px; color:#616161"">United States, Dallas</span>
</div>
<div style=""margin-bottom:6px""><a href=""https://dialin.teams.microsoft.com/cd6d8c31-5f01-4d52-94a2-f9c8f78b8e87?id=211393880"" id=""meet_invite_block.action.join_phone_find_local_number"" class=""me-email-link"" style=""font-size:14px; text-decoration:underline; color:#5B5FC7"">Find
 a local number</a> </div>
</div>
<div style=""margin-bottom:24px""><span class=""me-email-text-secondary"" style=""font-size:14px; color:#616161"">Phone conference ID:
</span><span class=""me-email-text"" style=""font-size:14px; color:#242424"">211 393 880#</span>
</div>
<div><span class=""me-email-text-secondary"" style=""font-size:14px; color:#616161"">For organizers:
</span><a href=""https://teams.microsoft.com/meetingOptions/?organizerId=25b6cc34-b4c3-4b8b-954d-87519834c189&amp;tenantId=283ad180-97bf-4f71-a61e-f35dc0ae70b2&amp;threadId=19_meeting_YWRiZWExZTQtMzFmMy00OWFjLTg1MDQtNzQ4OTIzNWE0NTI5@thread.v2&amp;messageId=0&amp;language=en-US"" id=""meet_invite_block.action.organizer_meet_options"" class=""me-email-link"" style=""font-size:14px; text-decoration:underline; color:#5B5FC7"">Meeting
 options</a> <span style=""color:#D1D1D1"">|</span> <a href=""https://dialin.teams.microsoft.com/usp/pstnconferencing"" id=""meet_invite_block.action.organizer_reset_dialin_pin"" class=""me-email-link"" style=""font-size:14px; text-decoration:underline; color:#5B5FC7"">
Reset dial-in PIN</a> </div>
<div style=""margin-top:24px; margin-bottom:6px""></div>
<div style=""margin-bottom:24px""></div>
<div style=""margin-bottom:24px; overflow:hidden; white-space:nowrap"">________________________________________________________________________________</div>
</div>
</body>
</html>
",30,Yes,David Mallory,Free
Discuss Coffee Maker,Shipping Issue,Claudia Mazzanti,Normal,12/6/2024 19:30,12/6/2024 20:00,,Canceled,MOD Administrator,,12/12/2024 11:12,12/9/2024 19:15,MOD Administrator,"<div style=""max-width: 520px; color: #242424; font-family:'Segoe UI','Helvetica Neue',Helvetica,Arial,sans-serif"" class=""me-email-text"">
  <div style=""margin-bottom:24px;overflow:hidden;white-space:nowrap;"">________________________________________________________________________________</div>

  <div style=""margin-bottom: 12px;"">
    <span class=""me-email-text"" style=""font-size: 24px;font-weight: 700; margin-right:12px;"">Microsoft Teams</span>
    <a id=""meet_invite_block.action.help"" class=""me-email-link"" style=""font-size:14px; text-decoration:underline; color: #5B5FC7;"" href=""https://aka.ms/JoinTeamsMeeting?omkt=en-US"">Need help?</a>
  </div>

  <div style=""margin-bottom: 6px;"">
    <a id=""meet_invite_block.action.join_link"" title=""Meeting join link"" class=""me-email-headline"" style=""font-size: 20px; font-weight:600; text-decoration: underline; color: #5B5FC7;"" href=""https://teams.microsoft.com/l/meetup-join/19%3ameeting_MGJlMGUwYWUtZmMzMS00N2VmLTlhOTktNzYwYTZlZjM5YWRm%40thread.v2/0?context=%7b%22Tid%22%3a%22283ad180-97bf-4f71-a61e-f35dc0ae70b2%22%2c%22Oid%22%3a%2226f897bd-4fb3-428b-bb5e-01a823cbdcc8%22%7d"" target=""_blank"" rel=""noreferrer noopener"">Join the meeting now</a>
  </div>

  <div style=""margin-bottom: 6px;"">
    <span class=""me-email-text-secondary"" style=""font-size: 14px; color: #616161;"">Meeting ID: </span>
    <span class=""me-email-text"" style=""font-size: 14px; color: #242424;"">247 525 819 234</span>
  </div>



  <div style=""margin-bottom: 24px; max-width: 532px;"">
    <hr style=""border: 0; background: #D1D1D1; height: 1px;""></hr>
  </div>

  <div>
    <div style=""margin-bottom: 6px;"">
      <span class=""me-email-text"" style=""font-size: 16px; color: #242424; font-weight: 600; margin-right: 4px;"">Dial in by phone</span>
    </div>
    <div style=""margin-bottom: 6px;"">
      <a id=""meet_invite_block.action.join_phone_number1"" class=""me-email-link"" style=""font-size: 14px; text-decoration: underline; color: #5B5FC7; margin-right: 6px;"" href=""tel:+14699986023,,7708794&#35"">+1 469-998-6023,,7708794#</a>
      <span class=""me-email-text"" style=""font-size: 14px; color: #616161;"">United States, Dallas</span>
    </div>


    <div style=""margin-bottom: 6px;"">
      <a id=""meet_invite_block.action.join_phone_find_local_number"" class=""me-email-link"" style=""font-size: 14px; text-decoration: underline; color: #5B5FC7"" href=""https://dialin.teams.microsoft.com/cd6d8c31-5f01-4d52-94a2-f9c8f78b8e87?id=7708794"">Find a local number</a>
    </div>
  </div>

  <div style=""margin-bottom: 24px;"">
    <span class=""me-email-text-secondary"" style=""font-size: 14px; color: #616161;"">Phone conference ID: </span>
    <span class=""me-email-text"" style=""font-size: 14px; color: #242424;"">770 879 4#</span>
  </div>



  <div>
    <span class=""me-email-text-secondary"" style=""font-size: 14px; color: #616161;"">For organizers: </span>
    <a id=""meet_invite_block.action.organizer_meet_options"" class=""me-email-link"" style=""font-size: 14px; text-decoration: underline; color: #5B5FC7;"" target=""_blank"" href=""https://teams.microsoft.com/meetingOptions/?organizerId=26f897bd-4fb3-428b-bb5e-01a823cbdcc8&tenantId=283ad180-97bf-4f71-a61e-f35dc0ae70b2&threadId=19_meeting_MGJlMGUwYWUtZmMzMS00N2VmLTlhOTktNzYwYTZlZjM5YWRm@thread.v2&messageId=0&language=en-US"" rel=""noreferrer noopener"">Meeting options</a>
    <span style=""color: #D1D1D1"">|</span>
    <a id=""meet_invite_block.action.organizer_reset_dialin_pin"" class=""me-email-link"" style=""font-size: 14px; text-decoration: underline; color: #5B5FC7;"" target=""_blank"" href=""https://dialin.teams.microsoft.com/usp/pstnconferencing"" rel=""noreferrer noopener"">Reset dial-in PIN</a>
  </div>

  <div style=""margin-top: 24px; margin-bottom: 6px;"">
    
    
  </div>

  <div style=""margin-bottom: 24px;"">
    
  </div>

  <div style=""margin-bottom:24px;overflow:hidden;white-space:nowrap;"">________________________________________________________________________________</div>

</div>",30,Yes,MOD Administrator,Canceled
Discuss coffee needs - Trey Research,5 Café A-100 Automatic,Alex Baker,Normal,3/13/2025 13:00,3/13/2025 14:00,,Open,David Mallory,,,11/24/2024 8:55,MOD Administrator,"<div data-wrapper=""true"" dir=""ltr"" style=""font-size:9pt;font-family:'Segoe UI','Helvetica Neue',sans-serif;""><div style=""width:100%""><span style=""font-family:'Segoe UI','Helvetica Neue',sans-serif""><span style=""opacity:0.36; white-space:nowrap"">Hi Alex,</span></span></div>
<div style=""width:100%""><span style=""font-family:'Segoe UI','Helvetica Neue',sans-serif""><span style=""opacity:0.36; white-space:nowrap"">Setting up time to discuss your coffee needs in more detail to ensure we identify the best Contoso Coffee solution for Trey Research.</span></span></div>
<div style=""width:100%"">&nbsp;</div>
<div style=""width:100%""><span style=""font-family:'Segoe UI','Helvetica Neue',sans-serif""><span style=""opacity:0.36; white-space:nowrap"">Dan</span></span></div>
<div style=""width:100%""><span style=""color:#5f5f5f; opacity:.36; white-space:nowrap"">________________________________________________________________________________</span></div>
<div class=""me-email-text"" lang=""en-US"" style=""color:#252424; font-family:'Segoe UI','Helvetica Neue',Helvetica,Arial,sans-serif""><div style=""margin-bottom:20px; margin-top:24px""><span style=""color:#252424; font-size:24px"">Microsoft Teams meeting</span></div>
<div style=""margin-bottom:20px""><div style=""font-weight:bold; margin-bottom:0px; margin-top:0px""><span style=""color:#252424; font-size:14px"">Join on your computer, mobile app or room device</span></div><a class=""me-email-headline"" href=""https://teams.microsoft.com/l/meetup-join/19%3ameeting_OWU0MzE4ZjMtMzE1YS00ZDU4LWI0OTktODJiOWQ2N2NhZDAy%40thread.v2/0?context=%7b%22Tid%22%3a%227adc88d6-c275-4beb-a8f7-c0018c802239%22%2c%22Oid%22%3a%224f932ea9-70f5-4b85-b639-9fe3dd280fa5%22%7d"" rel=""noreferrer noopener"" style=""font-size: 14px;font-family:'Segoe UI Semibold','Segoe UI','Helvetica Neue',Helvetica,Arial,sans-serif;text-decoration: underline;color: #6264a7;"" target=""_blank"">Click here to join the meeting</a></div>
<div style=""margin-bottom:20px; margin-top:20px""><div style=""margin-bottom:4px""><span data-tid=""meeting-code"" style=""color:#252424; font-size:14px"">Meeting ID: <span style=""color:#252424; font-size:16px"">293 133 571 947</span> </span>
<div style=""font-size:14px""><a class=""me-email-link"" href=""https://www.microsoft.com/en-us/microsoft-teams/download-app"" rel=""noreferrer noopener"" style=""font-size: 14px;text-decoration: underline;color: #6264a7;font-family:'Segoe UI','Helvetica Neue',Helvetica,Arial,sans-serif;"" target=""_blank"">Download Teams</a> | <a class=""me-email-link"" href=""https://www.microsoft.com/microsoft-teams/join-a-meeting"" rel=""noreferrer noopener"" style=""font-size: 14px;text-decoration: underline;color: #6264a7;font-family:'Segoe UI','Helvetica Neue',Helvetica,Arial,sans-serif;"" target=""_blank"">Join on the web</a></div></div></div>
<div style=""margin-bottom:4px""><div style=""margin-bottom:4px""><strong style=""color:#252424; font-size:14px; font-weight:bold"">Or call in (audio only)</strong></div>
<div style=""margin-bottom:4px""><a href=""tel:+13322490718,,2481632# "" style=""font-size: 14px;text-decoration: underline;color: #6264a7;"">+1 332-249-0718,,2481632#</a> <span style=""color:#252424; font-size:14px"">&nbsp; United States, New York City </span></div></div><span style=""color:#252424; font-size:14px"">Phone Conference ID: </span> <span style=""color:#252424; font-size:16px""> 248 163 2# </span>
<div style=""margin-bottom:20px""><a class=""me-email-link"" href=""https://dialin.teams.microsoft.com/886d5d46-595b-492b-89c4-2606086fb6bf?id=2481632"" rel=""noreferrer noopener"" style=""font-size: 14px;text-decoration: underline;color: #6264a7;font-family:'Segoe UI','Helvetica Neue',Helvetica,Arial,sans-serif;"" target=""_blank"">Find a local number</a> | <a class=""me-email-link"" href=""https://dialin.teams.microsoft.com/usp/pstnconferencing"" rel=""noreferrer noopener"" style=""font-size: 14px;text-decoration: underline;color: #6264a7;"" target=""_blank""> Reset PIN</a></div>
<div style=""margin-bottom:24px; margin-top:20px""><a class=""me-email-link"" href=""https://aka.ms/JoinTeamsMeeting"" rel=""noreferrer noopener"" style=""font-size: 14px;text-decoration: underline;color: #6264a7;font-family:'Segoe UI','Helvetica Neue',Helvetica,Arial,sans-serif;"" target=""_blank"">Learn More</a> | <a class=""me-email-link"" href=""https://teams.microsoft.com/meetingOptions/?organizerId=4f932ea9-70f5-4b85-b639-9fe3dd280fa5&amp;tenantId=7adc88d6-c275-4beb-a8f7-c0018c802239&amp;threadId=19_meeting_OWU0MzE4ZjMtMzE1YS00ZDU4LWI0OTktODJiOWQ2N2NhZDAy@thread.v2&amp;messageId=0&amp;language=en-US"" rel=""noreferrer noopener"" style=""font-size: 14px;text-decoration: underline;color: #6264a7;font-family:'Segoe UI','Helvetica Neue',Helvetica,Arial,sans-serif;"" target=""_blank"">Meeting options</a></div></div>
<div style=""font-family:'Segoe UI','Helvetica Neue',Helvetica,Arial,sans-serif; font-size:14px; margin-bottom:4px"">&nbsp;</div>
<div style=""font-size:12px"">&nbsp;</div>
<div style=""width:100%""><span style=""color:#5f5f5f; opacity:.36; white-space:nowrap"">________________________________________________________________________________</span></div></div>",60,No,admin@CRM962245.onmicrosoft.com,Free
Discuss service plan,10 Café A-100 Automatic,Alex Baker,Normal,10/24/2024 9:00,10/24/2024 9:30,,Open,David Mallory,10/24/2024 9:00,10/24/2024 9:30,11/24/2024 8:55,MOD Administrator,,30,No,jeremy@Contoso.onmicrosoft.com,Free
Discussion on the service warranty of coffee machines,A Mineral Build Up in Water Supply,Claudia Mazzanti,Normal,4/14/2025 19:00,4/14/2025 19:30,,Completed,David Mallory,3/15/2021 15:30,3/15/2021 16:00,11/24/2024 8:19,MOD Administrator,Let's discuss on the service warranty and secured plans on coffee machines,30,No,Enrico Cattaneo,Completed
Event follow - up,Outfit new stores with coffee products to support expansion,Claudia Mazzanti,Normal,1/8/2025 13:00,1/8/2025 13:30,Microsoft Teams Meeting,Open,David Mallory,,1/21/2025 15:07,12/16/2024 23:42,David Mallory,"<html>
<head>
<meta http-equiv=""Content-Type"" content=""text/html; charset=utf-8"">
</head>
<body>
<br>
<div class=""me-email-text"" style=""max-width:520px; color:#242424; font-family:'Segoe UI','Helvetica Neue',Helvetica,Arial,sans-serif"">
<div style=""margin-bottom:24px; overflow:hidden; white-space:nowrap"">________________________________________________________________________________</div>
<div style=""margin-bottom:12px""><span class=""me-email-text"" style=""font-size:24px; font-weight:700; margin-right:12px"">Microsoft Teams</span>
<a href=""https://aka.ms/JoinTeamsMeeting?omkt=en-US"" id=""meet_invite_block.action.help"" class=""me-email-link"" style=""font-size:14px; text-decoration:underline; color:#5B5FC7"">
Need help?</a> </div>
<div style=""margin-bottom:6px""><a href=""https://teams.microsoft.com/l/meetup-join/19%3ameeting_NmFjYjU4OTItMGQ3Yy00YjJlLThiNGUtMTZmZWE5MGY4ZTJl%40thread.v2/0?context=%7b%22Tid%22%3a%22283ad180-97bf-4f71-a61e-f35dc0ae70b2%22%2c%22Oid%22%3a%2225b6cc34-b4c3-4b8b-954d-87519834c189%22%7d"" id=""meet_invite_block.action.join_link"" title=""Meeting join link"" class=""me-email-headline"" style=""font-size:20px; font-weight:600; text-decoration:underline; color:#5B5FC7"">Join
 the meeting now</a> </div>
<div style=""margin-bottom:6px""><span class=""me-email-text-secondary"" style=""font-size:14px; color:#616161"">Meeting ID:
</span><span class=""me-email-text"" style=""font-size:14px; color:#242424"">214 592 910 419</span>
</div>
<div style=""margin-bottom:24px""><span class=""me-email-text-secondary"" style=""font-size:14px; color:#616161"">Passcode:
</span><span class=""me-email-text"" style=""font-size:14px; color:#242424"">p8hm9gc7</span>
</div>
<div style=""margin-bottom:24px; max-width:532px"">
<hr style=""border:0; background:#D1D1D1; height:1px"">
</div>
<div>
<div style=""margin-bottom:6px""><span class=""me-email-text"" style=""font-size:16px; color:#242424; font-weight:600; margin-right:4px"">Dial in by phone</span>
</div>
<div style=""margin-bottom:6px""><a href=""tel:+14699986023,,338508722#"" id=""meet_invite_block.action.join_phone_number1"" class=""me-email-link"" style=""font-size:14px; text-decoration:underline; color:#5B5FC7; margin-right:6px"">+1 469-998-6023,,338508722#</a>
<span class=""me-email-text"" style=""font-size:14px; color:#616161"">United States, Dallas</span>
</div>
<div style=""margin-bottom:6px""><a href=""https://dialin.teams.microsoft.com/cd6d8c31-5f01-4d52-94a2-f9c8f78b8e87?id=338508722"" id=""meet_invite_block.action.join_phone_find_local_number"" class=""me-email-link"" style=""font-size:14px; text-decoration:underline; color:#5B5FC7"">Find
 a local number</a> </div>
</div>
<div style=""margin-bottom:24px""><span class=""me-email-text-secondary"" style=""font-size:14px; color:#616161"">Phone conference ID:
</span><span class=""me-email-text"" style=""font-size:14px; color:#242424"">338 508 722#</span>
</div>
<div><span class=""me-email-text-secondary"" style=""font-size:14px; color:#616161"">For organizers:
</span><a href=""https://teams.microsoft.com/meetingOptions/?organizerId=25b6cc34-b4c3-4b8b-954d-87519834c189&amp;tenantId=283ad180-97bf-4f71-a61e-f35dc0ae70b2&amp;threadId=19_meeting_NmFjYjU4OTItMGQ3Yy00YjJlLThiNGUtMTZmZWE5MGY4ZTJl@thread.v2&amp;messageId=0&amp;language=en-US"" id=""meet_invite_block.action.organizer_meet_options"" class=""me-email-link"" style=""font-size:14px; text-decoration:underline; color:#5B5FC7"">Meeting
 options</a> <span style=""color:#D1D1D1"">|</span> <a href=""https://dialin.teams.microsoft.com/usp/pstnconferencing"" id=""meet_invite_block.action.organizer_reset_dialin_pin"" class=""me-email-link"" style=""font-size:14px; text-decoration:underline; color:#5B5FC7"">
Reset dial-in PIN</a> </div>
<div style=""margin-top:24px; margin-bottom:6px""></div>
<div style=""margin-bottom:24px""></div>
<div style=""margin-bottom:24px; overflow:hidden; white-space:nowrap"">________________________________________________________________________________</div>
</div>
</body>
</html>
",30,Yes,David Mallory,Free
Introducing low waste technology coffee products,Viggo Forde,Viggo Forde,Normal,1/11/2025 20:30,1/11/2025 21:00,,Open,David Mallory,,,11/24/2024 8:55,MOD Administrator,"<div data-wrapper=""true"" dir=""ltr"" style=""font-size:9pt;font-family:'Segoe UI','Helvetica Neue',sans-serif;""><div>Introducing low waste technology coffee products</div>
<div>1. SustainableBrew: Minimizing Waste in Coffee Brewing Technology<br>2. GreenRoast: Sustainable Technology for Low Waste Coffee Roasting<br>3. EcoServe: Low Waste Technology for Coffee Dispensing and Packaging</div></div><div style=""width:100%;"">
    <span style=""white-space:nowrap;color:#5F5F5F;opacity:.36;"">________________________________________________________________________________</span>
</div>
 
 <div class=""me-email-text"" style=""color:#252424;font-family:'Segoe UI','Helvetica Neue',Helvetica,Arial,sans-serif;"" lang=""en-US"">
    <div style=""margin-top: 24px; margin-bottom: 20px;"">
        <span style=""font-size: 24px; color:#252424"">Microsoft Teams meeting</span>
    </div>
    <div style=""margin-bottom: 20px;"">
        <div style=""margin-top: 0px; margin-bottom: 0px; font-weight: bold"">
          <span style=""font-size: 14px; color:#252424"">Join on your computer, mobile app or room device</span>
        </div>
        <a class=""me-email-headline"" style=""font-size: 14px;font-family:'Segoe UI Semibold','Segoe UI','Helvetica Neue',Helvetica,Arial,sans-serif;text-decoration: underline;color: #6264a7;"" href=""https://teams.microsoft.com/l/meetup-join/19%3ameeting_YjgxMmNkOWUtOWY3OS00YjI5LWE2YmQtOGNhZGU2N2ZhYzM0%40thread.v2/0?context=%7b%22Tid%22%3a%227adc88d6-c275-4beb-a8f7-c0018c802239%22%2c%22Oid%22%3a%2207fe7dda-273a-4285-be63-a4c6ec4e7a36%22%7d"" target=""_blank"" rel=""noreferrer noopener"">Click here to join the meeting</a>
    </div>
    <div style=""margin-bottom:20px; margin-top:20px"">
    <div style=""margin-bottom:4px"">
        <span data-tid=""meeting-code"" style=""font-size: 14px; color:#252424;"">
            Meeting ID: <span style=""font-size:16px; color:#252424;"">290 488 269 739</span>
       </span>
        
        <div style=""font-size: 14px;""><a class=""me-email-link"" style=""font-size: 14px;text-decoration: underline;color: #6264a7;font-family:'Segoe UI','Helvetica Neue',Helvetica,Arial,sans-serif;"" target=""_blank"" href=""https://www.microsoft.com/en-us/microsoft-teams/download-app"" rel=""noreferrer noopener"">
        Download Teams</a> | <a class=""me-email-link"" style=""font-size: 14px;text-decoration: underline;color: #6264a7;font-family:'Segoe UI','Helvetica Neue',Helvetica,Arial,sans-serif;"" target=""_blank"" href=""https://www.microsoft.com/microsoft-teams/join-a-meeting"" rel=""noreferrer noopener"">Join on the web</a></div>
    </div>
 </div>
    
    
 <div style = ""margin-bottom: 4px;"">
 <div style = ""margin-bottom: 4px;"">
    <span style=""font-size: 14px; color:#252424; font-weight: bold"">Or call in (audio only)</span>
    </div> 
    
   <div style = ""margin-bottom: 4px;"">
      <a style=""font-size: 14px;text-decoration: underline;color: #6264a7;"" href=""tel:+13322490718,,729004720&#35; "">+1 332-249-0718,,729004720#</a>
      <span style=""font-size: 14px; color:#252424;"">&nbsp; United States, New York City </span>
    </div>
    
 </div>
  
    
    <span style=""font-size: 14px; color:#252424;"">
      Phone Conference ID:
    </span>
    <span style=""font-size: 16px; color:#252424;"">
      729 004 720#
    </span>
    
    
      <div style=""margin-bottom: 20px;"">
      <a class=""me-email-link""
      style=""font-size: 14px;text-decoration: underline;color: #6264a7;font-family:'Segoe UI','Helvetica Neue',Helvetica,Arial,sans-serif;""
      target=""_blank""
      href=""https://dialin.teams.microsoft.com/886d5d46-595b-492b-89c4-2606086fb6bf?id=729004720""
      rel=""noreferrer noopener"">Find a local number</a>
   |
   <a class=""me-email-link""
      style=""font-size: 14px;text-decoration: underline;color: #6264a7;""
      target=""_blank""
      href=""https://dialin.teams.microsoft.com/usp/pstnconferencing""
      rel=""noreferrer noopener"">
     Reset PIN</a>
     </div>
   
    
    <div style=""margin-bottom: 24px;margin-top: 20px;"">
        <a class=""me-email-link"" style=""font-size: 14px;text-decoration: underline;color: #6264a7;font-family:'Segoe UI','Helvetica Neue',Helvetica,Arial,sans-serif;"" target=""_blank"" href=""https://aka.ms/JoinTeamsMeeting"" rel=""noreferrer noopener"">Learn More</a>  | <a class=""me-email-link"" style=""font-size: 14px;text-decoration: underline;color: #6264a7;font-family:'Segoe UI','Helvetica Neue',Helvetica,Arial,sans-serif;"" target=""_blank"" href=""https://teams.microsoft.com/meetingOptions/?organizerId=07fe7dda-273a-4285-be63-a4c6ec4e7a36&tenantId=7adc88d6-c275-4beb-a8f7-c0018c802239&threadId=19_meeting_YjgxMmNkOWUtOWY3OS00YjI5LWE2YmQtOGNhZGU2N2ZhYzM0@thread.v2&messageId=0&language=en-US"" rel=""noreferrer noopener"">Meeting options</a> 
      </div>
</div>
<div style=""font-size: 14px; margin-bottom: 4px;font-family:'Segoe UI','Helvetica Neue',Helvetica,Arial,sans-serif;"">

</div>
<div style=""font-size: 12px;"">

</div>

</div>
<div style=""width:100%;"">
    <span style=""white-space:nowrap;color:#5F5F5F;opacity:.36;"">________________________________________________________________________________</span>
</div>",30,No,davidm@CRM962245.onmicrosoft.com,Free
Introducing Sustainability Coffee Program,Armin Woodward,Armin Woodward,Normal,12/28/2024 18:30,12/28/2024 19:00,,Open,David Mallory,,,11/24/2024 8:55,MOD Administrator,"<div data-wrapper=""true"" dir=""ltr"" style=""font-size:9pt;font-family:'Segoe UI','Helvetica Neue',sans-serif;""><div>Introducing the following programs</div>
<div>1. From Farm to Cup: Building a Sustainable Coffee Supply Chain<br>2. Sustainable Sips: Promoting Eco-friendly Coffee Consumption<br>3. Beans for a Better World: Supporting Sustainable Coffee Farming Communities</div></div><div style=""width:100%;"">
    <span style=""white-space:nowrap;color:#5F5F5F;opacity:.36;"">________________________________________________________________________________</span>
</div>
 
 <div class=""me-email-text"" style=""color:#252424;font-family:'Segoe UI','Helvetica Neue',Helvetica,Arial,sans-serif;"" lang=""en-US"">
    <div style=""margin-top: 24px; margin-bottom: 20px;"">
        <span style=""font-size: 24px; color:#252424"">Microsoft Teams meeting</span>
    </div>
    <div style=""margin-bottom: 20px;"">
        <div style=""margin-top: 0px; margin-bottom: 0px; font-weight: bold"">
          <span style=""font-size: 14px; color:#252424"">Join on your computer, mobile app or room device</span>
        </div>
        <a class=""me-email-headline"" style=""font-size: 14px;font-family:'Segoe UI Semibold','Segoe UI','Helvetica Neue',Helvetica,Arial,sans-serif;text-decoration: underline;color: #6264a7;"" href=""https://teams.microsoft.com/l/meetup-join/19%3ameeting_ODZiY2ViYjMtZWU3Zi00ZjZjLWIzMmUtNjVhMDBiOGJiNDNj%40thread.v2/0?context=%7b%22Tid%22%3a%227adc88d6-c275-4beb-a8f7-c0018c802239%22%2c%22Oid%22%3a%226b879aac-29d2-4c9e-9f54-292fbff3a55a%22%7d"" target=""_blank"" rel=""noreferrer noopener"">Click here to join the meeting</a>
    </div>
    <div style=""margin-bottom:20px; margin-top:20px"">
    <div style=""margin-bottom:4px"">
        <span data-tid=""meeting-code"" style=""font-size: 14px; color:#252424;"">
            Meeting ID: <span style=""font-size:16px; color:#252424;"">276 961 582 226</span>
       </span>
        
        <div style=""font-size: 14px;""><a class=""me-email-link"" style=""font-size: 14px;text-decoration: underline;color: #6264a7;font-family:'Segoe UI','Helvetica Neue',Helvetica,Arial,sans-serif;"" target=""_blank"" href=""https://www.microsoft.com/en-us/microsoft-teams/download-app"" rel=""noreferrer noopener"">
        Download Teams</a> | <a class=""me-email-link"" style=""font-size: 14px;text-decoration: underline;color: #6264a7;font-family:'Segoe UI','Helvetica Neue',Helvetica,Arial,sans-serif;"" target=""_blank"" href=""https://www.microsoft.com/microsoft-teams/join-a-meeting"" rel=""noreferrer noopener"">Join on the web</a></div>
    </div>
 </div>
    
    
 <div style = ""margin-bottom: 4px;"">
 <div style = ""margin-bottom: 4px;"">
    <span style=""font-size: 14px; color:#252424; font-weight: bold"">Or call in (audio only)</span>
    </div> 
    
   <div style = ""margin-bottom: 4px;"">
      <a style=""font-size: 14px;text-decoration: underline;color: #6264a7;"" href=""tel:+13322490718,,838713343&#35; "">+1 332-249-0718,,838713343#</a>
      <span style=""font-size: 14px; color:#252424;"">&nbsp; United States, New York City </span>
    </div>
    
 </div>
  
    
    <span style=""font-size: 14px; color:#252424;"">
      Phone Conference ID:
    </span>
    <span style=""font-size: 16px; color:#252424;"">
      838 713 343#
    </span>
    
    
      <div style=""margin-bottom: 20px;"">
      <a class=""me-email-link""
      style=""font-size: 14px;text-decoration: underline;color: #6264a7;font-family:'Segoe UI','Helvetica Neue',Helvetica,Arial,sans-serif;""
      target=""_blank""
      href=""https://dialin.teams.microsoft.com/886d5d46-595b-492b-89c4-2606086fb6bf?id=838713343""
      rel=""noreferrer noopener"">Find a local number</a>
   |
   <a class=""me-email-link""
      style=""font-size: 14px;text-decoration: underline;color: #6264a7;""
      target=""_blank""
      href=""https://dialin.teams.microsoft.com/usp/pstnconferencing""
      rel=""noreferrer noopener"">
     Reset PIN</a>
     </div>
   
    
    <div style=""margin-bottom: 24px;margin-top: 20px;"">
        <a class=""me-email-link"" style=""font-size: 14px;text-decoration: underline;color: #6264a7;font-family:'Segoe UI','Helvetica Neue',Helvetica,Arial,sans-serif;"" target=""_blank"" href=""https://aka.ms/JoinTeamsMeeting"" rel=""noreferrer noopener"">Learn More</a>  | <a class=""me-email-link"" style=""font-size: 14px;text-decoration: underline;color: #6264a7;font-family:'Segoe UI','Helvetica Neue',Helvetica,Arial,sans-serif;"" target=""_blank"" href=""https://teams.microsoft.com/meetingOptions/?organizerId=6b879aac-29d2-4c9e-9f54-292fbff3a55a&tenantId=7adc88d6-c275-4beb-a8f7-c0018c802239&threadId=19_meeting_ODZiY2ViYjMtZWU3Zi00ZjZjLWIzMmUtNjVhMDBiOGJiNDNj@thread.v2&messageId=0&language=en-US"" rel=""noreferrer noopener"">Meeting options</a> 
      </div>
</div>
<div style=""font-size: 14px; margin-bottom: 4px;font-family:'Segoe UI','Helvetica Neue',Helvetica,Arial,sans-serif;"">

</div>
<div style=""font-size: 12px;"">

</div>

</div>
<div style=""width:100%;"">
    <span style=""white-space:nowrap;color:#5F5F5F;opacity:.36;"">________________________________________________________________________________</span>
</div>",30,No,nancy@CRM962245.OnMicrosoft.com,Free
Maintenance plan with our new Coffee Machine Installation,18 Airpot Coffee Makers for Northwind Traders,Trey Research,Normal,9/2/2024 7:44,9/2/2024 8:44,,Completed,David Mallory,9/2/2024 7:44,9/2/2024 8:44,11/24/2024 8:55,MOD Administrator,"After Installing the Coffee Machine, discussion for the Service Maintenance.",60,No,admin@orgname.onmicrosoft.com,Completed
Meeting with Owner,A Mineral Build Up in Water Supply,Claudia Mazzanti,Normal,4/18/2025 15:00,4/18/2025 15:30,,Open,David Mallory,,,11/24/2024 8:18,MOD Administrator, ,30,No,Enrico Cattaneo,Free
Product Discussion with Fourth Coffee,Outfit new stores with coffee products to support expansion,Claudia Mazzanti,Normal,12/16/2024 23:00,12/16/2024 23:30,,Open,David Mallory,,,12/16/2024 22:43,David Mallory,"<html>
<head>
<meta http-equiv=""Content-Type"" content=""text/html; charset=utf-8"">
</head>
<body>
<div class=""me-email-text"" style=""max-width:520px; color:#242424; font-family:'Segoe UI','Helvetica Neue',Helvetica,Arial,sans-serif"">
<div style=""margin-bottom:24px; overflow:hidden; white-space:nowrap"">________________________________________________________________________________</div>
<div style=""margin-bottom:12px""><span class=""me-email-text"" style=""font-size:24px; font-weight:700; margin-right:12px"">Microsoft Teams</span>
<a href=""https://aka.ms/JoinTeamsMeeting?omkt=en-US"" id=""meet_invite_block.action.help"" class=""me-email-link"" style=""font-size:14px; text-decoration:underline; color:#5B5FC7"">
Need help?</a> </div>
<div style=""margin-bottom:6px""><a href=""https://teams.microsoft.com/l/meetup-join/19%3ameeting_NmRlMDhjMGQtOTRiNS00MDgxLWFkYWEtNDkzNGU2ODkxNWYz%40thread.v2/0?context=%7b%22Tid%22%3a%22283ad180-97bf-4f71-a61e-f35dc0ae70b2%22%2c%22Oid%22%3a%2225b6cc34-b4c3-4b8b-954d-87519834c189%22%7d"" id=""meet_invite_block.action.join_link"" title=""Meeting join link"" class=""me-email-headline"" style=""font-size:20px; font-weight:600; text-decoration:underline; color:#5B5FC7"">Join
 the meeting now</a> </div>
<div style=""margin-bottom:6px""><span class=""me-email-text-secondary"" style=""font-size:14px; color:#616161"">Meeting ID:
</span><span class=""me-email-text"" style=""font-size:14px; color:#242424"">296 875 147 293</span>
</div>
<div style=""margin-bottom:24px; max-width:532px"">
<hr style=""border:0; background:#D1D1D1; height:1px"">
</div>
<div>
<div style=""margin-bottom:6px""><span class=""me-email-text"" style=""font-size:16px; color:#242424; font-weight:600; margin-right:4px"">Dial in by phone</span>
</div>
<div style=""margin-bottom:6px""><a href=""tel:+14699986023,,783463298#"" id=""meet_invite_block.action.join_phone_number1"" class=""me-email-link"" style=""font-size:14px; text-decoration:underline; color:#5B5FC7; margin-right:6px"">+1 469-998-6023,,783463298#</a>
<span class=""me-email-text"" style=""font-size:14px; color:#616161"">United States, Dallas</span>
</div>
<div style=""margin-bottom:6px""><a href=""https://dialin.teams.microsoft.com/cd6d8c31-5f01-4d52-94a2-f9c8f78b8e87?id=783463298"" id=""meet_invite_block.action.join_phone_find_local_number"" class=""me-email-link"" style=""font-size:14px; text-decoration:underline; color:#5B5FC7"">Find
 a local number</a> </div>
</div>
<div style=""margin-bottom:24px""><span class=""me-email-text-secondary"" style=""font-size:14px; color:#616161"">Phone conference ID:
</span><span class=""me-email-text"" style=""font-size:14px; color:#242424"">783 463 298#</span>
</div>
<div><span class=""me-email-text-secondary"" style=""font-size:14px; color:#616161"">For organizers:
</span><a href=""https://teams.microsoft.com/meetingOptions/?organizerId=25b6cc34-b4c3-4b8b-954d-87519834c189&amp;tenantId=283ad180-97bf-4f71-a61e-f35dc0ae70b2&amp;threadId=19_meeting_NmRlMDhjMGQtOTRiNS00MDgxLWFkYWEtNDkzNGU2ODkxNWYz@thread.v2&amp;messageId=0&amp;language=en-US"" id=""meet_invite_block.action.organizer_meet_options"" class=""me-email-link"" style=""font-size:14px; text-decoration:underline; color:#5B5FC7"">Meeting
 options</a> <span style=""color:#D1D1D1"">|</span> <a href=""https://dialin.teams.microsoft.com/usp/pstnconferencing"" id=""meet_invite_block.action.organizer_reset_dialin_pin"" class=""me-email-link"" style=""font-size:14px; text-decoration:underline; color:#5B5FC7"">
Reset dial-in PIN</a> </div>
<div style=""margin-top:24px; margin-bottom:6px""></div>
<div style=""margin-bottom:24px""></div>
<div style=""margin-bottom:24px; overflow:hidden; white-space:nowrap"">________________________________________________________________________________</div>
</div>
</body>
</html>
",30,Yes,David Mallory,Free
Product Discussion with Fourth Coffee,Outfit new stores with coffee products to support expansion,Claudia Mazzanti,Normal,12/16/2024 15:00,12/16/2024 15:30,Microsoft Teams Meeting,Open,David Mallory,,,12/16/2024 22:45,David Mallory,"<html>
<head>
<meta http-equiv=""Content-Type"" content=""text/html; charset=utf-8"">
</head>
<body>
<div class=""me-email-text"" style=""max-width:520px; color:#242424; font-family:'Segoe UI','Helvetica Neue',Helvetica,Arial,sans-serif"">
<div style=""margin-bottom:24px; overflow:hidden; white-space:nowrap"">________________________________________________________________________________</div>
<div style=""margin-bottom:12px""><span class=""me-email-text"" style=""font-size:24px; font-weight:700; margin-right:12px"">Microsoft Teams</span>
<a href=""https://aka.ms/JoinTeamsMeeting?omkt=en-US"" id=""meet_invite_block.action.help"" class=""me-email-link"" style=""font-size:14px; text-decoration:underline; color:#5B5FC7"">
Need help?</a> </div>
<div style=""margin-bottom:6px""><a href=""https://teams.microsoft.com/l/meetup-join/19%3ameeting_NmRlMDhjMGQtOTRiNS00MDgxLWFkYWEtNDkzNGU2ODkxNWYz%40thread.v2/0?context=%7b%22Tid%22%3a%22283ad180-97bf-4f71-a61e-f35dc0ae70b2%22%2c%22Oid%22%3a%2225b6cc34-b4c3-4b8b-954d-87519834c189%22%7d"" id=""meet_invite_block.action.join_link"" title=""Meeting join link"" class=""me-email-headline"" style=""font-size:20px; font-weight:600; text-decoration:underline; color:#5B5FC7"">Join
 the meeting now</a> </div>
<div style=""margin-bottom:6px""><span class=""me-email-text-secondary"" style=""font-size:14px; color:#616161"">Meeting ID:
</span><span class=""me-email-text"" style=""font-size:14px; color:#242424"">296 875 147 293</span>
</div>
<div style=""margin-bottom:24px; max-width:532px"">
<hr style=""border:0; background:#D1D1D1; height:1px"">
</div>
<div>
<div style=""margin-bottom:6px""><span class=""me-email-text"" style=""font-size:16px; color:#242424; font-weight:600; margin-right:4px"">Dial in by phone</span>
</div>
<div style=""margin-bottom:6px""><a href=""tel:+14699986023,,783463298#"" id=""meet_invite_block.action.join_phone_number1"" class=""me-email-link"" style=""font-size:14px; text-decoration:underline; color:#5B5FC7; margin-right:6px"">+1 469-998-6023,,783463298#</a>
<span class=""me-email-text"" style=""font-size:14px; color:#616161"">United States, Dallas</span>
</div>
<div style=""margin-bottom:6px""><a href=""https://dialin.teams.microsoft.com/cd6d8c31-5f01-4d52-94a2-f9c8f78b8e87?id=783463298"" id=""meet_invite_block.action.join_phone_find_local_number"" class=""me-email-link"" style=""font-size:14px; text-decoration:underline; color:#5B5FC7"">Find
 a local number</a> </div>
</div>
<div style=""margin-bottom:24px""><span class=""me-email-text-secondary"" style=""font-size:14px; color:#616161"">Phone conference ID:
</span><span class=""me-email-text"" style=""font-size:14px; color:#242424"">783 463 298#</span>
</div>
<div><span class=""me-email-text-secondary"" style=""font-size:14px; color:#616161"">For organizers:
</span><a href=""https://teams.microsoft.com/meetingOptions/?organizerId=25b6cc34-b4c3-4b8b-954d-87519834c189&amp;tenantId=283ad180-97bf-4f71-a61e-f35dc0ae70b2&amp;threadId=19_meeting_NmRlMDhjMGQtOTRiNS00MDgxLWFkYWEtNDkzNGU2ODkxNWYz@thread.v2&amp;messageId=0&amp;language=en-US"" id=""meet_invite_block.action.organizer_meet_options"" class=""me-email-link"" style=""font-size:14px; text-decoration:underline; color:#5B5FC7"">Meeting
 options</a> <span style=""color:#D1D1D1"">|</span> <a href=""https://dialin.teams.microsoft.com/usp/pstnconferencing"" id=""meet_invite_block.action.organizer_reset_dialin_pin"" class=""me-email-link"" style=""font-size:14px; text-decoration:underline; color:#5B5FC7"">
Reset dial-in PIN</a> </div>
<div style=""margin-top:24px; margin-bottom:6px""></div>
<div style=""margin-bottom:24px""></div>
<div style=""margin-bottom:24px; overflow:hidden; white-space:nowrap"">________________________________________________________________________________</div>
</div>
</body>
</html>
",30,Yes,David Mallory,Free
Review coffee proposal for Trey Research,5 Café A-100 Automatic,Alex Baker,Normal,3/21/2025 12:00,3/21/2025 13:00,,Open,David Mallory,,,11/24/2024 8:55,MOD Administrator,"<div data-wrapper=""true"" dir=""ltr"" style=""font-size:9pt;font-family:'Segoe UI','Helvetica Neue',sans-serif;""><div>Contoso Coffee to present tailored proposal to address Trey Research coffee needs.&nbsp;</div></div>",60,No,AuroraUser2@baptstaurora.onmicrosoft.com,Free
Review the final quotation,10 Café A-100 Automatic,Alex Baker,Normal,10/4/2024 9:00,10/4/2024 9:30,,Completed,David Mallory,10/4/2024 9:00,10/4/2024 9:30,11/24/2024 8:55,MOD Administrator,,30,No,jeremy@Contoso.onmicrosoft.com,Completed
Teams call with Claudia Mazzanti,Claudia Mazzanti,Claudia Mazzanti,Normal,1/15/2025 12:45,1/15/2025 13:15,,Open,MOD Administrator,,,1/15/2025 12:45,MOD Administrator,"<div style=""max-width: 520px; color: #242424; font-family:'Segoe UI','Helvetica Neue',Helvetica,Arial,sans-serif"" class=""me-email-text"">
  <div style=""margin-bottom:24px;overflow:hidden;white-space:nowrap;"">________________________________________________________________________________</div>

  <div style=""margin-bottom: 12px;"">
    <span class=""me-email-text"" style=""font-size: 24px;font-weight: 700; margin-right:12px;"">Microsoft Teams</span>
    <a id=""meet_invite_block.action.help"" class=""me-email-link"" style=""font-size:14px; text-decoration:underline; color: #5B5FC7;"" href=""https://aka.ms/JoinTeamsMeeting?omkt=en-US"">Need help?</a>
  </div>

  <div style=""margin-bottom: 6px;"">
    <a id=""meet_invite_block.action.join_link"" title=""Meeting join link"" class=""me-email-headline"" style=""font-size: 20px; font-weight:600; text-decoration: underline; color: #5B5FC7;"" href=""https://teams.microsoft.com/l/meetup-join/19%3ameeting_NThjYzc4OGUtZmQ1ZC00YmZjLThkYWQtM2RhNzI4NDVmOTcw%40thread.v2/0?context=%7b%22Tid%22%3a%22283ad180-97bf-4f71-a61e-f35dc0ae70b2%22%2c%22Oid%22%3a%2226f897bd-4fb3-428b-bb5e-01a823cbdcc8%22%7d"" target=""_blank"" rel=""noreferrer noopener"">Join the meeting now</a>
  </div>

  <div style=""margin-bottom: 6px;"">
    <span class=""me-email-text-secondary"" style=""font-size: 14px; color: #616161;"">Meeting ID: </span>
    <span class=""me-email-text"" style=""font-size: 14px; color: #242424;"">272 565 284 679</span>
  </div>



  <div style=""margin-bottom: 24px; max-width: 532px;"">
    <hr style=""border: 0; background: #D1D1D1; height: 1px;""></hr>
  </div>

  <div>
    <div style=""margin-bottom: 6px;"">
      <span class=""me-email-text"" style=""font-size: 16px; color: #242424; font-weight: 600; margin-right: 4px;"">Dial in by phone</span>
    </div>
    <div style=""margin-bottom: 6px;"">
      <a id=""meet_invite_block.action.join_phone_number1"" class=""me-email-link"" style=""font-size: 14px; text-decoration: underline; color: #5B5FC7; margin-right: 6px;"" href=""tel:+14699986023,,860023266&#35"">+1 469-998-6023,,860023266#</a>
      <span class=""me-email-text"" style=""font-size: 14px; color: #616161;"">United States, Dallas</span>
    </div>


    <div style=""margin-bottom: 6px;"">
      <a id=""meet_invite_block.action.join_phone_find_local_number"" class=""me-email-link"" style=""font-size: 14px; text-decoration: underline; color: #5B5FC7"" href=""https://dialin.teams.microsoft.com/cd6d8c31-5f01-4d52-94a2-f9c8f78b8e87?id=860023266"">Find a local number</a>
    </div>
  </div>

  <div style=""margin-bottom: 24px;"">
    <span class=""me-email-text-secondary"" style=""font-size: 14px; color: #616161;"">Phone conference ID: </span>
    <span class=""me-email-text"" style=""font-size: 14px; color: #242424;"">860 023 266#</span>
  </div>



  <div>
    <span class=""me-email-text-secondary"" style=""font-size: 14px; color: #616161;"">For organizers: </span>
    <a id=""meet_invite_block.action.organizer_meet_options"" class=""me-email-link"" style=""font-size: 14px; text-decoration: underline; color: #5B5FC7;"" target=""_blank"" href=""https://teams.microsoft.com/meetingOptions/?organizerId=26f897bd-4fb3-428b-bb5e-01a823cbdcc8&tenantId=283ad180-97bf-4f71-a61e-f35dc0ae70b2&threadId=19_meeting_NThjYzc4OGUtZmQ1ZC00YmZjLThkYWQtM2RhNzI4NDVmOTcw@thread.v2&messageId=0&language=en-US"" rel=""noreferrer noopener"">Meeting options</a>
    <span style=""color: #D1D1D1"">|</span>
    <a id=""meet_invite_block.action.organizer_reset_dialin_pin"" class=""me-email-link"" style=""font-size: 14px; text-decoration: underline; color: #5B5FC7;"" target=""_blank"" href=""https://dialin.teams.microsoft.com/usp/pstnconferencing"" rel=""noreferrer noopener"">Reset dial-in PIN</a>
  </div>

  <div style=""margin-top: 24px; margin-bottom: 6px;"">
    
    
  </div>

  <div style=""margin-bottom: 24px;"">
    
  </div>

  <div style=""margin-bottom:24px;overflow:hidden;white-space:nowrap;"">________________________________________________________________________________</div>

</div>",30,Yes,MOD Administrator,Free
Teams call with Claudia Mazzanti,"Claudia Mazzanti - New subscriber request, review existing order",Claudia Mazzanti,Normal,12/10/2024 10:46,12/10/2024 11:16,,Open,MOD Administrator,,,12/10/2024 10:46,MOD Administrator,"<div style=""max-width: 520px; color: #242424; font-family:'Segoe UI','Helvetica Neue',Helvetica,Arial,sans-serif"" class=""me-email-text"">
  <div style=""margin-bottom:24px;overflow:hidden;white-space:nowrap;"">________________________________________________________________________________</div>

  <div style=""margin-bottom: 12px;"">
    <span class=""me-email-text"" style=""font-size: 24px;font-weight: 700; margin-right:12px;"">Microsoft Teams</span>
    <a id=""meet_invite_block.action.help"" class=""me-email-link"" style=""font-size:14px; text-decoration:underline; color: #5B5FC7;"" href=""https://aka.ms/JoinTeamsMeeting?omkt=en-US"">Need help?</a>
  </div>

  <div style=""margin-bottom: 6px;"">
    <a id=""meet_invite_block.action.join_link"" title=""Meeting join link"" class=""me-email-headline"" style=""font-size: 20px; font-weight:600; text-decoration: underline; color: #5B5FC7;"" href=""https://teams.microsoft.com/l/meetup-join/19%3ameeting_MmJjNjIyODYtZWY0NC00ZTE4LTliZjUtNzA2YjE2ZWZlOWRk%40thread.v2/0?context=%7b%22Tid%22%3a%22283ad180-97bf-4f71-a61e-f35dc0ae70b2%22%2c%22Oid%22%3a%2226f897bd-4fb3-428b-bb5e-01a823cbdcc8%22%7d"" target=""_blank"" rel=""noreferrer noopener"">Join the meeting now</a>
  </div>

  <div style=""margin-bottom: 6px;"">
    <span class=""me-email-text-secondary"" style=""font-size: 14px; color: #616161;"">Meeting ID: </span>
    <span class=""me-email-text"" style=""font-size: 14px; color: #242424;"">260 280 396 931</span>
  </div>



  <div style=""margin-bottom: 24px; max-width: 532px;"">
    <hr style=""border: 0; background: #D1D1D1; height: 1px;""></hr>
  </div>

  <div>
    <div style=""margin-bottom: 6px;"">
      <span class=""me-email-text"" style=""font-size: 16px; color: #242424; font-weight: 600; margin-right: 4px;"">Dial in by phone</span>
    </div>
    <div style=""margin-bottom: 6px;"">
      <a id=""meet_invite_block.action.join_phone_number1"" class=""me-email-link"" style=""font-size: 14px; text-decoration: underline; color: #5B5FC7; margin-right: 6px;"" href=""tel:+14699986023,,272853631&#35"">+1 469-998-6023,,272853631#</a>
      <span class=""me-email-text"" style=""font-size: 14px; color: #616161;"">United States, Dallas</span>
    </div>


    <div style=""margin-bottom: 6px;"">
      <a id=""meet_invite_block.action.join_phone_find_local_number"" class=""me-email-link"" style=""font-size: 14px; text-decoration: underline; color: #5B5FC7"" href=""https://dialin.teams.microsoft.com/cd6d8c31-5f01-4d52-94a2-f9c8f78b8e87?id=272853631"">Find a local number</a>
    </div>
  </div>

  <div style=""margin-bottom: 24px;"">
    <span class=""me-email-text-secondary"" style=""font-size: 14px; color: #616161;"">Phone conference ID: </span>
    <span class=""me-email-text"" style=""font-size: 14px; color: #242424;"">272 853 631#</span>
  </div>



  <div>
    <span class=""me-email-text-secondary"" style=""font-size: 14px; color: #616161;"">For organizers: </span>
    <a id=""meet_invite_block.action.organizer_meet_options"" class=""me-email-link"" style=""font-size: 14px; text-decoration: underline; color: #5B5FC7;"" target=""_blank"" href=""https://teams.microsoft.com/meetingOptions/?organizerId=26f897bd-4fb3-428b-bb5e-01a823cbdcc8&tenantId=283ad180-97bf-4f71-a61e-f35dc0ae70b2&threadId=19_meeting_MmJjNjIyODYtZWY0NC00ZTE4LTliZjUtNzA2YjE2ZWZlOWRk@thread.v2&messageId=0&language=en-US"" rel=""noreferrer noopener"">Meeting options</a>
    <span style=""color: #D1D1D1"">|</span>
    <a id=""meet_invite_block.action.organizer_reset_dialin_pin"" class=""me-email-link"" style=""font-size: 14px; text-decoration: underline; color: #5B5FC7;"" target=""_blank"" href=""https://dialin.teams.microsoft.com/usp/pstnconferencing"" rel=""noreferrer noopener"">Reset dial-in PIN</a>
  </div>

  <div style=""margin-top: 24px; margin-bottom: 6px;"">
    
    
  </div>

  <div style=""margin-bottom: 24px;"">
    
  </div>

  <div style=""margin-bottom:24px;overflow:hidden;white-space:nowrap;"">________________________________________________________________________________</div>

</div>",30,Yes,MOD Administrator,Free
Teams call with Claudia Mazzanti,"Claudia Mazzanti - New subscriber request, review existing order",Claudia Mazzanti,Normal,12/11/2024 9:41,12/11/2024 10:11,,Open,MOD Administrator,,,12/11/2024 9:41,MOD Administrator,"<div style=""max-width: 520px; color: #242424; font-family:'Segoe UI','Helvetica Neue',Helvetica,Arial,sans-serif"" class=""me-email-text"">
  <div style=""margin-bottom:24px;overflow:hidden;white-space:nowrap;"">________________________________________________________________________________</div>

  <div style=""margin-bottom: 12px;"">
    <span class=""me-email-text"" style=""font-size: 24px;font-weight: 700; margin-right:12px;"">Microsoft Teams</span>
    <a id=""meet_invite_block.action.help"" class=""me-email-link"" style=""font-size:14px; text-decoration:underline; color: #5B5FC7;"" href=""https://aka.ms/JoinTeamsMeeting?omkt=en-US"">Need help?</a>
  </div>

  <div style=""margin-bottom: 6px;"">
    <a id=""meet_invite_block.action.join_link"" title=""Meeting join link"" class=""me-email-headline"" style=""font-size: 20px; font-weight:600; text-decoration: underline; color: #5B5FC7;"" href=""https://teams.microsoft.com/l/meetup-join/19%3ameeting_ZmViYTIzZTEtZGZiMS00OTc4LTkyMWMtOWIzN2ZkNDkxNTUx%40thread.v2/0?context=%7b%22Tid%22%3a%22283ad180-97bf-4f71-a61e-f35dc0ae70b2%22%2c%22Oid%22%3a%2226f897bd-4fb3-428b-bb5e-01a823cbdcc8%22%7d"" target=""_blank"" rel=""noreferrer noopener"">Join the meeting now</a>
  </div>

  <div style=""margin-bottom: 6px;"">
    <span class=""me-email-text-secondary"" style=""font-size: 14px; color: #616161;"">Meeting ID: </span>
    <span class=""me-email-text"" style=""font-size: 14px; color: #242424;"">227 794 026 134</span>
  </div>



  <div style=""margin-bottom: 24px; max-width: 532px;"">
    <hr style=""border: 0; background: #D1D1D1; height: 1px;""></hr>
  </div>

  <div>
    <div style=""margin-bottom: 6px;"">
      <span class=""me-email-text"" style=""font-size: 16px; color: #242424; font-weight: 600; margin-right: 4px;"">Dial in by phone</span>
    </div>
    <div style=""margin-bottom: 6px;"">
      <a id=""meet_invite_block.action.join_phone_number1"" class=""me-email-link"" style=""font-size: 14px; text-decoration: underline; color: #5B5FC7; margin-right: 6px;"" href=""tel:+14699986023,,512732159&#35"">+1 469-998-6023,,512732159#</a>
      <span class=""me-email-text"" style=""font-size: 14px; color: #616161;"">United States, Dallas</span>
    </div>


    <div style=""margin-bottom: 6px;"">
      <a id=""meet_invite_block.action.join_phone_find_local_number"" class=""me-email-link"" style=""font-size: 14px; text-decoration: underline; color: #5B5FC7"" href=""https://dialin.teams.microsoft.com/cd6d8c31-5f01-4d52-94a2-f9c8f78b8e87?id=512732159"">Find a local number</a>
    </div>
  </div>

  <div style=""margin-bottom: 24px;"">
    <span class=""me-email-text-secondary"" style=""font-size: 14px; color: #616161;"">Phone conference ID: </span>
    <span class=""me-email-text"" style=""font-size: 14px; color: #242424;"">512 732 159#</span>
  </div>



  <div>
    <span class=""me-email-text-secondary"" style=""font-size: 14px; color: #616161;"">For organizers: </span>
    <a id=""meet_invite_block.action.organizer_meet_options"" class=""me-email-link"" style=""font-size: 14px; text-decoration: underline; color: #5B5FC7;"" target=""_blank"" href=""https://teams.microsoft.com/meetingOptions/?organizerId=26f897bd-4fb3-428b-bb5e-01a823cbdcc8&tenantId=283ad180-97bf-4f71-a61e-f35dc0ae70b2&threadId=19_meeting_ZmViYTIzZTEtZGZiMS00OTc4LTkyMWMtOWIzN2ZkNDkxNTUx@thread.v2&messageId=0&language=en-US"" rel=""noreferrer noopener"">Meeting options</a>
    <span style=""color: #D1D1D1"">|</span>
    <a id=""meet_invite_block.action.organizer_reset_dialin_pin"" class=""me-email-link"" style=""font-size: 14px; text-decoration: underline; color: #5B5FC7;"" target=""_blank"" href=""https://dialin.teams.microsoft.com/usp/pstnconferencing"" rel=""noreferrer noopener"">Reset dial-in PIN</a>
  </div>

  <div style=""margin-top: 24px; margin-bottom: 6px;"">
    
    
  </div>

  <div style=""margin-bottom: 24px;"">
    
  </div>

  <div style=""margin-bottom:24px;overflow:hidden;white-space:nowrap;"">________________________________________________________________________________</div>

</div>",30,Yes,MOD Administrator,Free
Teams call with Claudia Mazzanti,Claudia Mazzanti,Claudia Mazzanti,Normal,12/17/2024 8:41,12/17/2024 9:11,,Open,MOD Administrator,,,12/17/2024 8:41,MOD Administrator,"<div style=""max-width: 520px; color: #242424; font-family:'Segoe UI','Helvetica Neue',Helvetica,Arial,sans-serif"" class=""me-email-text"">
  <div style=""margin-bottom:24px;overflow:hidden;white-space:nowrap;"">________________________________________________________________________________</div>

  <div style=""margin-bottom: 12px;"">
    <span class=""me-email-text"" style=""font-size: 24px;font-weight: 700; margin-right:12px;"">Microsoft Teams</span>
    <a id=""meet_invite_block.action.help"" class=""me-email-link"" style=""font-size:14px; text-decoration:underline; color: #5B5FC7;"" href=""https://aka.ms/JoinTeamsMeeting?omkt=en-US"">Need help?</a>
  </div>

  <div style=""margin-bottom: 6px;"">
    <a id=""meet_invite_block.action.join_link"" title=""Meeting join link"" class=""me-email-headline"" style=""font-size: 20px; font-weight:600; text-decoration: underline; color: #5B5FC7;"" href=""https://teams.microsoft.com/l/meetup-join/19%3ameeting_YmQ4NGZlNjAtNGZkYS00MjFlLWJiYjctZDNjZGNhMWUwODM3%40thread.v2/0?context=%7b%22Tid%22%3a%22283ad180-97bf-4f71-a61e-f35dc0ae70b2%22%2c%22Oid%22%3a%2226f897bd-4fb3-428b-bb5e-01a823cbdcc8%22%7d"" target=""_blank"" rel=""noreferrer noopener"">Join the meeting now</a>
  </div>

  <div style=""margin-bottom: 6px;"">
    <span class=""me-email-text-secondary"" style=""font-size: 14px; color: #616161;"">Meeting ID: </span>
    <span class=""me-email-text"" style=""font-size: 14px; color: #242424;"">266 108 686 245</span>
  </div>



  <div style=""margin-bottom: 24px; max-width: 532px;"">
    <hr style=""border: 0; background: #D1D1D1; height: 1px;""></hr>
  </div>

  <div>
    <div style=""margin-bottom: 6px;"">
      <span class=""me-email-text"" style=""font-size: 16px; color: #242424; font-weight: 600; margin-right: 4px;"">Dial in by phone</span>
    </div>
    <div style=""margin-bottom: 6px;"">
      <a id=""meet_invite_block.action.join_phone_number1"" class=""me-email-link"" style=""font-size: 14px; text-decoration: underline; color: #5B5FC7; margin-right: 6px;"" href=""tel:+14699986023,,608468774&#35"">+1 469-998-6023,,608468774#</a>
      <span class=""me-email-text"" style=""font-size: 14px; color: #616161;"">United States, Dallas</span>
    </div>


    <div style=""margin-bottom: 6px;"">
      <a id=""meet_invite_block.action.join_phone_find_local_number"" class=""me-email-link"" style=""font-size: 14px; text-decoration: underline; color: #5B5FC7"" href=""https://dialin.teams.microsoft.com/cd6d8c31-5f01-4d52-94a2-f9c8f78b8e87?id=608468774"">Find a local number</a>
    </div>
  </div>

  <div style=""margin-bottom: 24px;"">
    <span class=""me-email-text-secondary"" style=""font-size: 14px; color: #616161;"">Phone conference ID: </span>
    <span class=""me-email-text"" style=""font-size: 14px; color: #242424;"">608 468 774#</span>
  </div>



  <div>
    <span class=""me-email-text-secondary"" style=""font-size: 14px; color: #616161;"">For organizers: </span>
    <a id=""meet_invite_block.action.organizer_meet_options"" class=""me-email-link"" style=""font-size: 14px; text-decoration: underline; color: #5B5FC7;"" target=""_blank"" href=""https://teams.microsoft.com/meetingOptions/?organizerId=26f897bd-4fb3-428b-bb5e-01a823cbdcc8&tenantId=283ad180-97bf-4f71-a61e-f35dc0ae70b2&threadId=19_meeting_YmQ4NGZlNjAtNGZkYS00MjFlLWJiYjctZDNjZGNhMWUwODM3@thread.v2&messageId=0&language=en-US"" rel=""noreferrer noopener"">Meeting options</a>
    <span style=""color: #D1D1D1"">|</span>
    <a id=""meet_invite_block.action.organizer_reset_dialin_pin"" class=""me-email-link"" style=""font-size: 14px; text-decoration: underline; color: #5B5FC7;"" target=""_blank"" href=""https://dialin.teams.microsoft.com/usp/pstnconferencing"" rel=""noreferrer noopener"">Reset dial-in PIN</a>
  </div>

  <div style=""margin-top: 24px; margin-bottom: 6px;"">
    
    
  </div>

  <div style=""margin-bottom: 24px;"">
    
  </div>

  <div style=""margin-bottom:24px;overflow:hidden;white-space:nowrap;"">________________________________________________________________________________</div>

</div>",30,Yes,MOD Administrator,Free
Teams call with Claudia Mazzanti,Claudia Mazzanti,Claudia Mazzanti,Normal,12/17/2024 11:03,12/17/2024 11:33,,Open,MOD Administrator,,,12/17/2024 11:03,MOD Administrator,"<div style=""max-width: 520px; color: #242424; font-family:'Segoe UI','Helvetica Neue',Helvetica,Arial,sans-serif"" class=""me-email-text"">
  <div style=""margin-bottom:24px;overflow:hidden;white-space:nowrap;"">________________________________________________________________________________</div>

  <div style=""margin-bottom: 12px;"">
    <span class=""me-email-text"" style=""font-size: 24px;font-weight: 700; margin-right:12px;"">Microsoft Teams</span>
    <a id=""meet_invite_block.action.help"" class=""me-email-link"" style=""font-size:14px; text-decoration:underline; color: #5B5FC7;"" href=""https://aka.ms/JoinTeamsMeeting?omkt=en-US"">Need help?</a>
  </div>

  <div style=""margin-bottom: 6px;"">
    <a id=""meet_invite_block.action.join_link"" title=""Meeting join link"" class=""me-email-headline"" style=""font-size: 20px; font-weight:600; text-decoration: underline; color: #5B5FC7;"" href=""https://teams.microsoft.com/l/meetup-join/19%3ameeting_NTRjMzk2NjEtZjBkMi00YzdhLWFlNzgtMWNhNGVmZDg1ZmE4%40thread.v2/0?context=%7b%22Tid%22%3a%22283ad180-97bf-4f71-a61e-f35dc0ae70b2%22%2c%22Oid%22%3a%2226f897bd-4fb3-428b-bb5e-01a823cbdcc8%22%7d"" target=""_blank"" rel=""noreferrer noopener"">Join the meeting now</a>
  </div>

  <div style=""margin-bottom: 6px;"">
    <span class=""me-email-text-secondary"" style=""font-size: 14px; color: #616161;"">Meeting ID: </span>
    <span class=""me-email-text"" style=""font-size: 14px; color: #242424;"">249 531 064 211</span>
  </div>



  <div style=""margin-bottom: 24px; max-width: 532px;"">
    <hr style=""border: 0; background: #D1D1D1; height: 1px;""></hr>
  </div>

  <div>
    <div style=""margin-bottom: 6px;"">
      <span class=""me-email-text"" style=""font-size: 16px; color: #242424; font-weight: 600; margin-right: 4px;"">Dial in by phone</span>
    </div>
    <div style=""margin-bottom: 6px;"">
      <a id=""meet_invite_block.action.join_phone_number1"" class=""me-email-link"" style=""font-size: 14px; text-decoration: underline; color: #5B5FC7; margin-right: 6px;"" href=""tel:+14699986023,,146822382&#35"">+1 469-998-6023,,146822382#</a>
      <span class=""me-email-text"" style=""font-size: 14px; color: #616161;"">United States, Dallas</span>
    </div>


    <div style=""margin-bottom: 6px;"">
      <a id=""meet_invite_block.action.join_phone_find_local_number"" class=""me-email-link"" style=""font-size: 14px; text-decoration: underline; color: #5B5FC7"" href=""https://dialin.teams.microsoft.com/cd6d8c31-5f01-4d52-94a2-f9c8f78b8e87?id=146822382"">Find a local number</a>
    </div>
  </div>

  <div style=""margin-bottom: 24px;"">
    <span class=""me-email-text-secondary"" style=""font-size: 14px; color: #616161;"">Phone conference ID: </span>
    <span class=""me-email-text"" style=""font-size: 14px; color: #242424;"">146 822 382#</span>
  </div>



  <div>
    <span class=""me-email-text-secondary"" style=""font-size: 14px; color: #616161;"">For organizers: </span>
    <a id=""meet_invite_block.action.organizer_meet_options"" class=""me-email-link"" style=""font-size: 14px; text-decoration: underline; color: #5B5FC7;"" target=""_blank"" href=""https://teams.microsoft.com/meetingOptions/?organizerId=26f897bd-4fb3-428b-bb5e-01a823cbdcc8&tenantId=283ad180-97bf-4f71-a61e-f35dc0ae70b2&threadId=19_meeting_NTRjMzk2NjEtZjBkMi00YzdhLWFlNzgtMWNhNGVmZDg1ZmE4@thread.v2&messageId=0&language=en-US"" rel=""noreferrer noopener"">Meeting options</a>
    <span style=""color: #D1D1D1"">|</span>
    <a id=""meet_invite_block.action.organizer_reset_dialin_pin"" class=""me-email-link"" style=""font-size: 14px; text-decoration: underline; color: #5B5FC7;"" target=""_blank"" href=""https://dialin.teams.microsoft.com/usp/pstnconferencing"" rel=""noreferrer noopener"">Reset dial-in PIN</a>
  </div>

  <div style=""margin-top: 24px; margin-bottom: 6px;"">
    
    
  </div>

  <div style=""margin-bottom: 24px;"">
    
  </div>

  <div style=""margin-bottom:24px;overflow:hidden;white-space:nowrap;"">________________________________________________________________________________</div>

</div>",30,Yes,MOD Administrator,Free
Teams call with Claudia Mazzanti,Claudia Mazzanti,Claudia Mazzanti,Normal,12/19/2024 13:42,12/19/2024 14:12,,Open,MOD Administrator,,,12/19/2024 13:42,MOD Administrator,"<div style=""max-width: 520px; color: #242424; font-family:'Segoe UI','Helvetica Neue',Helvetica,Arial,sans-serif"" class=""me-email-text"">
  <div style=""margin-bottom:24px;overflow:hidden;white-space:nowrap;"">________________________________________________________________________________</div>

  <div style=""margin-bottom: 12px;"">
    <span class=""me-email-text"" style=""font-size: 24px;font-weight: 700; margin-right:12px;"">Microsoft Teams</span>
    <a id=""meet_invite_block.action.help"" class=""me-email-link"" style=""font-size:14px; text-decoration:underline; color: #5B5FC7;"" href=""https://aka.ms/JoinTeamsMeeting?omkt=en-US"">Need help?</a>
  </div>

  <div style=""margin-bottom: 6px;"">
    <a id=""meet_invite_block.action.join_link"" title=""Meeting join link"" class=""me-email-headline"" style=""font-size: 20px; font-weight:600; text-decoration: underline; color: #5B5FC7;"" href=""https://teams.microsoft.com/l/meetup-join/19%3ameeting_MDE3ODQ5NWYtOTM0ZC00NGU1LTk5ZmQtZmExNGU5YTYxYTRi%40thread.v2/0?context=%7b%22Tid%22%3a%22283ad180-97bf-4f71-a61e-f35dc0ae70b2%22%2c%22Oid%22%3a%2226f897bd-4fb3-428b-bb5e-01a823cbdcc8%22%7d"" target=""_blank"" rel=""noreferrer noopener"">Join the meeting now</a>
  </div>

  <div style=""margin-bottom: 6px;"">
    <span class=""me-email-text-secondary"" style=""font-size: 14px; color: #616161;"">Meeting ID: </span>
    <span class=""me-email-text"" style=""font-size: 14px; color: #242424;"">224 285 229 611</span>
  </div>



  <div style=""margin-bottom: 24px; max-width: 532px;"">
    <hr style=""border: 0; background: #D1D1D1; height: 1px;""></hr>
  </div>

  <div>
    <div style=""margin-bottom: 6px;"">
      <span class=""me-email-text"" style=""font-size: 16px; color: #242424; font-weight: 600; margin-right: 4px;"">Dial in by phone</span>
    </div>
    <div style=""margin-bottom: 6px;"">
      <a id=""meet_invite_block.action.join_phone_number1"" class=""me-email-link"" style=""font-size: 14px; text-decoration: underline; color: #5B5FC7; margin-right: 6px;"" href=""tel:+14699986023,,827703412&#35"">+1 469-998-6023,,827703412#</a>
      <span class=""me-email-text"" style=""font-size: 14px; color: #616161;"">United States, Dallas</span>
    </div>


    <div style=""margin-bottom: 6px;"">
      <a id=""meet_invite_block.action.join_phone_find_local_number"" class=""me-email-link"" style=""font-size: 14px; text-decoration: underline; color: #5B5FC7"" href=""https://dialin.teams.microsoft.com/cd6d8c31-5f01-4d52-94a2-f9c8f78b8e87?id=827703412"">Find a local number</a>
    </div>
  </div>

  <div style=""margin-bottom: 24px;"">
    <span class=""me-email-text-secondary"" style=""font-size: 14px; color: #616161;"">Phone conference ID: </span>
    <span class=""me-email-text"" style=""font-size: 14px; color: #242424;"">827 703 412#</span>
  </div>



  <div>
    <span class=""me-email-text-secondary"" style=""font-size: 14px; color: #616161;"">For organizers: </span>
    <a id=""meet_invite_block.action.organizer_meet_options"" class=""me-email-link"" style=""font-size: 14px; text-decoration: underline; color: #5B5FC7;"" target=""_blank"" href=""https://teams.microsoft.com/meetingOptions/?organizerId=26f897bd-4fb3-428b-bb5e-01a823cbdcc8&tenantId=283ad180-97bf-4f71-a61e-f35dc0ae70b2&threadId=19_meeting_MDE3ODQ5NWYtOTM0ZC00NGU1LTk5ZmQtZmExNGU5YTYxYTRi@thread.v2&messageId=0&language=en-US"" rel=""noreferrer noopener"">Meeting options</a>
    <span style=""color: #D1D1D1"">|</span>
    <a id=""meet_invite_block.action.organizer_reset_dialin_pin"" class=""me-email-link"" style=""font-size: 14px; text-decoration: underline; color: #5B5FC7;"" target=""_blank"" href=""https://dialin.teams.microsoft.com/usp/pstnconferencing"" rel=""noreferrer noopener"">Reset dial-in PIN</a>
  </div>

  <div style=""margin-top: 24px; margin-bottom: 6px;"">
    
    
  </div>

  <div style=""margin-bottom: 24px;"">
    
  </div>

  <div style=""margin-bottom:24px;overflow:hidden;white-space:nowrap;"">________________________________________________________________________________</div>

</div>",30,Yes,MOD Administrator,Free
Teams call with Claudia Mazzanti,Claudia Mazzanti,Claudia Mazzanti,Normal,1/7/2025 15:40,1/7/2025 16:10,,Open,MOD Administrator,,,1/7/2025 15:40,MOD Administrator,"<div style=""max-width: 520px; color: #242424; font-family:'Segoe UI','Helvetica Neue',Helvetica,Arial,sans-serif"" class=""me-email-text"">
  <div style=""margin-bottom:24px;overflow:hidden;white-space:nowrap;"">________________________________________________________________________________</div>

  <div style=""margin-bottom: 12px;"">
    <span class=""me-email-text"" style=""font-size: 24px;font-weight: 700; margin-right:12px;"">Microsoft Teams</span>
    <a id=""meet_invite_block.action.help"" class=""me-email-link"" style=""font-size:14px; text-decoration:underline; color: #5B5FC7;"" href=""https://aka.ms/JoinTeamsMeeting?omkt=en-US"">Need help?</a>
  </div>

  <div style=""margin-bottom: 6px;"">
    <a id=""meet_invite_block.action.join_link"" title=""Meeting join link"" class=""me-email-headline"" style=""font-size: 20px; font-weight:600; text-decoration: underline; color: #5B5FC7;"" href=""https://teams.microsoft.com/l/meetup-join/19%3ameeting_OTc3ZDU2ZjYtYWJjMC00OTNkLWIzNjItZjRkZDc4ODU4NjRi%40thread.v2/0?context=%7b%22Tid%22%3a%22283ad180-97bf-4f71-a61e-f35dc0ae70b2%22%2c%22Oid%22%3a%2226f897bd-4fb3-428b-bb5e-01a823cbdcc8%22%7d"" target=""_blank"" rel=""noreferrer noopener"">Join the meeting now</a>
  </div>

  <div style=""margin-bottom: 6px;"">
    <span class=""me-email-text-secondary"" style=""font-size: 14px; color: #616161;"">Meeting ID: </span>
    <span class=""me-email-text"" style=""font-size: 14px; color: #242424;"">284 807 494 494</span>
  </div>



  <div style=""margin-bottom: 24px; max-width: 532px;"">
    <hr style=""border: 0; background: #D1D1D1; height: 1px;""></hr>
  </div>

  <div>
    <div style=""margin-bottom: 6px;"">
      <span class=""me-email-text"" style=""font-size: 16px; color: #242424; font-weight: 600; margin-right: 4px;"">Dial in by phone</span>
    </div>
    <div style=""margin-bottom: 6px;"">
      <a id=""meet_invite_block.action.join_phone_number1"" class=""me-email-link"" style=""font-size: 14px; text-decoration: underline; color: #5B5FC7; margin-right: 6px;"" href=""tel:+14699986023,,182643254&#35"">+1 469-998-6023,,182643254#</a>
      <span class=""me-email-text"" style=""font-size: 14px; color: #616161;"">United States, Dallas</span>
    </div>


    <div style=""margin-bottom: 6px;"">
      <a id=""meet_invite_block.action.join_phone_find_local_number"" class=""me-email-link"" style=""font-size: 14px; text-decoration: underline; color: #5B5FC7"" href=""https://dialin.teams.microsoft.com/cd6d8c31-5f01-4d52-94a2-f9c8f78b8e87?id=182643254"">Find a local number</a>
    </div>
  </div>

  <div style=""margin-bottom: 24px;"">
    <span class=""me-email-text-secondary"" style=""font-size: 14px; color: #616161;"">Phone conference ID: </span>
    <span class=""me-email-text"" style=""font-size: 14px; color: #242424;"">182 643 254#</span>
  </div>



  <div>
    <span class=""me-email-text-secondary"" style=""font-size: 14px; color: #616161;"">For organizers: </span>
    <a id=""meet_invite_block.action.organizer_meet_options"" class=""me-email-link"" style=""font-size: 14px; text-decoration: underline; color: #5B5FC7;"" target=""_blank"" href=""https://teams.microsoft.com/meetingOptions/?organizerId=26f897bd-4fb3-428b-bb5e-01a823cbdcc8&tenantId=283ad180-97bf-4f71-a61e-f35dc0ae70b2&threadId=19_meeting_OTc3ZDU2ZjYtYWJjMC00OTNkLWIzNjItZjRkZDc4ODU4NjRi@thread.v2&messageId=0&language=en-US"" rel=""noreferrer noopener"">Meeting options</a>
    <span style=""color: #D1D1D1"">|</span>
    <a id=""meet_invite_block.action.organizer_reset_dialin_pin"" class=""me-email-link"" style=""font-size: 14px; text-decoration: underline; color: #5B5FC7;"" target=""_blank"" href=""https://dialin.teams.microsoft.com/usp/pstnconferencing"" rel=""noreferrer noopener"">Reset dial-in PIN</a>
  </div>

  <div style=""margin-top: 24px; margin-bottom: 6px;"">
    
    
  </div>

  <div style=""margin-bottom: 24px;"">
    
  </div>

  <div style=""margin-bottom:24px;overflow:hidden;white-space:nowrap;"">________________________________________________________________________________</div>

</div>",30,Yes,MOD Administrator,Free
