Email,Company Name,Business Phone,Address 1: City,Address 1: Country/Region,Address 1: State/Province,Address 1: Street 1,Address 1: ZIP/Postal Code,Anniversary,Birthday,Customer Profile,Customer Size,Decision influence labels,Description,Email Confirmed,First Name,Gender,Home Phone,Job Title,Last Name,Lead Source,Marital Status,Mobile Phone,Originating Lead,Salutation,Suffix,Website (Company Name) (Account)
abbiatkinsdemo@outlook.com,Northwind Traders,614-555-0122,Columbus,United States,Ohio,678 Dayton,60012,,,,Default Value,,,No,Abbi,,,,Atkins,Default Value,,,,,,http://www.northwindtraders.com
abbie@adatum.com,Adatum Corporation,425-555-0159,Redmond,United States,Washington,2345 Birchwood Dr,98101,,3/4/1995,2c627699c3fb6e01591e0f6556de1864,Default Value,,,No,Abbie,Female,,Procurement Manager,Gardiner,Default Value,Married,425-555-0164,,,,http://www.adatum.com
abbieatnorthwind@outlook.com,Northwind Traders,614-555-0123,Columbus,United States,Ohio,678 Dayton,60012,,,,Default Value,,,No,Abbie,,,,Moss,Default Value,,,,,,http://www.northwindtraders.com
aidan@adventure-works.com,Adventure Works Cycles,831-555-0179,Santa Cruz,United States,California,89 Washington Street,88558,,12/13/1992,cf9d92b6807611ecbbd63731fb7d2149,Default Value,,,No,Aidan,Male,,Procurement Manager,Knaggs,Default Value,Married,831-555-0184,,,,http://www.adventure-works.com
alexattreyresearch@outlook.com,Trey Research,446-555-0127,Dallas,United States,Texas,1234 Red Oak Lane,90032,,2/26/1985,2087e06fb6ecf4b1db7eebdc047a806c,Default Value,Decision maker,,No,Alex,Female,,Cafeteria Manager,Baker,Default Value,Single,619-555-0129,,,,http://www.treyresearch.net
alfonso@alpineskihouse.com,Alpine Ski House,281-555-0458,Dallas,United States,Texas,3456 B Southampton Rd,90021,,,e068786b1f0ae8603fafc61fe3b24913,Default Value,,,No,Alfonso,,,,Albritton,Default Value,,,,,,http://www.alpineskihouse.com
alva@bellowscollege.com,Bellows College,773-555-0180,Chicago,United States,Illinois,456 Lake Ave.,43151,,2/23/1968,23e7a2f4679eed58011d2f42b274ec6b,Default Value,,,No,Alva,Female,,Finance Manager,Tharaldsen,Default Value,Single,773-555-0181,,,,http://www.bellowscollege.com
amanda@bestforyouorganics.com,Best For You Organics Company,412-555-0123,Pittsburgh,United States,Pennsylvania,567 Elm,80160,,12/5/1993,16437ad033112288ea601a831eb1dd1a,Default Value,,,No,Amanda,Female,,Sales Manager,Hegg,Default Value,Single,412-555-0125,,,,http://www.bestforyouorganics.com
andrew@contoso.com,Contoso Ltd.,661-555-0167,Los Angeles,United States,California,789 Maple Valley,75045,,1/25/1967,11faf650b4798813cfa6e86625b48894,Default Value,,,No,Andrew ,Male,,Facility Manager,Palmer,Default Value,Single,425-555-0113,,,,http://www.contoso.com
angela@consolidatedmessenger.com,Consolidated Messenger,674-555-0121,Santa Cruz,United States,California,4567 Balboa Court,75034,,11/24/1984,2c2d17ba1fb3819c3157c8ac3683c4af,Default Value,,,No,Angela ,Female,,Cafeteria Manager,Nicholson,Default Value,Married,425-555-0159,,,,http://www.consolidatedmessenger.com
annie @contoso.com,Contoso Ltd.,661-555-0168,Los Angeles,United States,California,789 Maple Valley,75045,,8/25/1987,2602bee1f51c1b1199d0c20eb38d6f4a,Default Value,,,No,Annie ,Female,,Warehouse Manager,Quinn,Default Value,Single,456-555-0156,,,,http://www.contoso.com
anthony@consolidatedmessenger.com,Consolidated Messenger,674-555-0122,Santa Cruz,United States,California,4568 Balboa Court,75034,,5/22/1972,f677d772397a7f9e24f012760f89d86c,Default Value,,,No,Anthony,,,,Pruitt,Default Value,,,,,,http://www.consolidatedmessenger.com
anton@fabrikam.com,Fabrikam Inc.,425-555-0130,Bellevue,United States,Washington,400 Maple Street,98053,,,1c089353704998c35ec8f7b0cac09d76,Default Value,,,No,Anton,,,Director of Operations,Booth,Default Value,,425-555-1212,,,,http://www.fabrikam.com
antonio@treyresearch.net,Trey Research,446-555-0128,Dallas,United States,Texas,1234 Red Oak Lane,90032,,7/29/1982,b34537759471b5d16290716bd03eb295,Default Value,,,No,Antonio,Male,,Executive Vice President and Chief Financial Officer,Xitamul,Default Value,Married,425-555-0174,,,,http://www.treyresearch.net
armand@fabrikamresidences.com,Fabrikam Residences,321-555-0157,Orlando,United States,Florida,12 Pine Pl,98020,,1/15/1998,172483c7078e997deeacd9c91b7d6a68,Default Value,,,No,Armand,Male,,Finance Manager,Leach,Default Value,Single,321-555-0180,,,,http://www.fabrikamresidences.com
armin@firstupconsultants.com,First Up Consultants,201-555-0102,Jersey City,United States,New Jersey,456 Exchange Pl,97242,,6/16/1994,865b229bd87f3d4475651b929caefc9b,Default Value,,,No,Armin,Female,,Marketing Director,Woodward,Default Value,Single,201-555-0152,,,,​http://www.firstupconsultants.com
asa@contoso.com,Contoso Ltd.,661-555-0169,San Diego,United States,California,42332 Jana Court,92127,,,,Default Value,,Customer is interested in purchasing low waste technology products with Automatic cleaning  to lower waste for the company's coffee consumption.,No,Asa,,,Sales Manager,Mival,Default Value,,260-555-9878,Asa Mival,,,
audra@contoso.com,Contoso Ltd.,661-555-0170,Los Angeles,United States,California,789 Maple Valley,75045,,6/4/1988,8bf1e33d81101cb4dec69fd2fc6edcdf,Default Value,,,No,Audra,Female,,Facility Director,Harvey,Default Value,Single,206-555-0134,,,,http://www.contoso.com
aurora@graphicdesigninstitute.com,Graphic Design Institute,686-555-0181,Richmond,United States,Virginia,67 Clasper Way,03902,,5/24/1980,47e537588b205f7800215cdea77341ce,Default Value,,,No,Aurora,Female,,Sales Manager,Badillo,Default Value,Married,725-555-0187,,,,http://www.graphicdesigninstitute.com
ava@contoso.com,Contoso Ltd.,661-555-0171,Los Angeles,United States,California,789 Maple Valley,75045,,4/8/1989,0ef6fa28cb77be0e6764d3ff0d3d240a,Default Value,,,No,Ava,Female,,IT Manager,Rich,Default Value,Single,567-555-0154,,,,http://www.contoso.com
avery@treyresearch.net,Trey Research,446-555-0129,Dallas,United States,Texas,123 Red Oak Lane,90032,,3/4/1985,daf411c00ffd753f66056fadec3bb9c6,Default Value,Influencer,,No,Avery,Female,,CEO,Howard,Default Value,Married,567-555-0139,,,,http://www.treyresearch.net
barbara@humongousinsurance.com,Humongous Insurance,674-555-0155,Santa Cruz,United States,California,345 Park Dr,75036,,9/22/1997,2dba6507e5a1bcc32d701f1b847a3579,Default Value,,,No,Barbara,Female,,Sales Representative,Nagy,Default Value,Single,674-555-0171,,,,http://www.humongousinsurance.com
beatriz@lamnahealtcare.com,Lamna Healthcare Company,614-555-0135,Columbus,United States,Ohio,678 5th Ave,62903,,4/17/1994,08c10686c729226cba4650ba5c36d57a,Default Value,,,No,Beatriz,Male,,Sales Manager,Danko,Default Value,Single,614-555-0141,,,,http://www.lamnahealtcare.com
brad @contoso.com,Contoso Ltd.,661-555-0172,Los Angeles,United States,California,789 Maple Valley,75045,,8/6/1989,c07be5ae36cff12f61850063429b7882,Default Value,,,No,Brad ,Male,,Finance Manager,Garza,Default Value,Single,206-555-0180,,,,http://www.contoso.com
brett@contoso.com,Contoso Ltd.,661-555-0173,Los Angeles,United States,California,789 Maple Valley,75045,,3/23/1993,899d1bcc55881bd366f2a06ff815bb78,Default Value,,,No,Brett,Male,,HR Manager,Bear,Default Value,Married,207-555-0153,,,,http://www.contoso.com
bryant@contoso.com,Contoso Ltd.,661-555-0174,Los Angeles,United States,California,789 Maple Valley,75045,,11/12/1995,70a5f418b0ab159eb9b63c53aae1c61a,Default Value,,,No,Bryant,Male,,Logistics Director,Brookins,Default Value,Married,334-555-0137,,,,http://www.contoso.com
busarakham@lucernepublishing.com,Lucerne Publishing,206-555-0121,Bellevue,United States,Washington,123 4th Ave.,14886,,4/4/1990,b5d692e93af4c5c0637038d2494f80e1,Default Value,,,No,Busarakham,Male,,Sales Manager,Peto,Default Value,Married,206-555-0151,,,,http://www.lucernepublishing.com
cacilia@alpineskihouse.com,Alpine Ski House,281-555-0459,Dallas,United States,Texas,3456 B Southampton Rd,90021,5/3/2009,1/5/1987,2bb7285a41be396f319bd7764287e279,Default Value,,,No,Cacilia,Female,,Purchasing Manager,Viera,Default Value,Married,281-555-0160,,,,http://www.alpineskihouse.com
cameron@munsonspicklesandpreservesfarm.com,Munson's Pickles and Preserves Farm,567-555-0157,Toledo,United States,Ohio,345 Main,62958,,4/14/1995,c7b916aa29eacfde26e36c933af99925,Default Value,,,No,Cameron,Female,,Sales Manager,Roth,Default Value,Married,567-555-0167,,,,http://www.munsonspicklesandpreservesfarm.com
carla@treyresearch.net,Trey Research,446-555-0130,Dallas,United States,Texas,1234 Red Oak Lane,90032,4/12/2005,4/16/1978,34869abf122868777cd131c85b989e68,Default Value,,,No,Carla,Female,,Procurement Manager,Yates,Default Value,Married,556-555-0149,,,,http://www.treyresearch.net
carlene@tailspintoys.com,Tailspin Toys,720-555-0155,Denver,United States,Colorado,2345 Mill St.,84005,,12/16/1987,9c72bfd660aaa18c12df3edc16a9609c,Default Value,,,No,Carlene,Female,,Sales Manager,Avery,Default Value,Married,720-555-0164,,,,http://www.tailspintoys.com
carly@nodpublishers.com,Nod Publishers,720-555-0173,Denver,United States,Colorado,89 Walnut St.,84001,,5/10/1982,27cc49c89cb49abd5779944118919e16,Default Value,,,No,Carly,Female,,Sales Manager,Kurusarttra,Default Value,Single,720-555-0181,,,,​http://www.nodpublishers.com
carole@fourthcoffee.com,Fourth Coffee,725-555-0180,San Francisco,United States,California,345 7th Ave.,45678,,5/4/1984,85f9628aa7b5fdbf8170ecf7b269e5a8,Default Value,,,No,Carole,Female,,Sales Manager,Poland,Default Value,Single,415-555-0178,,,,http://www.fourthcoffee.com
cherry@northwindtraders.com,Northwind Traders,614-555-0124,Columbus,United States,Ohio,678 Dayton,60012,,,91529248c69e3ececc2d3d87630e1020,Default Value,,,No,Cherry,,,,Stein,Default Value,,,,,,http://www.northwindtraders.com
chuck@proseware.com,Proseware Inc.,786-555-0101,Orlando,United States,Florida,345 Detroit Ave,98047,9/3/2009,10/11/1980,d2463dc5dabeffe7fb0aadeec9ba7efb,Default Value,,,No,Chuck,Male,,VP,Goddard,Default Value,Married,786-555-0111,,,,http://www.proseware.com
clarab@treyresearch.net,Trey Research,446-555-0131,Dallas,United States,Texas,1234 Red Oak Lane,90032,,1/27/1996,14c04f679af34e361c44eff4a616920e,Default Value,Decision maker,,No,Clara,Female,,"Corporate Vice President, Business Applications and Global Industry",Barbosa,Default Value,Married,983-555-0116,,,,http://www.treyresearch.net
clara@contoso.com,Contoso Ltd.,661-555-0175,Los Angeles,United States,California,789 Maple Valley,75045,,10/27/1967,ba29dc9a323bd6f584e6086cc362e870,Default Value,,,No,Clara,Female,,CFO,Leonard,Default Value,Married,425-555-0151,,,,http://www.contoso.com
claramond@relecloud.com,Relecloud,425-555-0118,Redmond,United States,Washington,45 Ridge Rd ,10011,,2/28/1990,d84e7f6936cd07d42ee7da83daf8fe7c,Default Value,,,No,Claramond,Male,,Finance Manager,Lewis,Default Value,Single,425-555-0126,,,,​http://www.relecloud.com
claudia@fineartschool.net,School of Fine Art,408-555-0136,San Jose,United States,California,678 Main St,75034,,,df8b3a47b9cc44856d8020322ac4b521,Default Value,,,No,Claudia,,,,Clay,Default Value,,,,,,http://www.fineartschool.net
claudiaatfourthcoffee@outlook.com,Fourth Coffee,725-555-0181,San Francisco,United States,California,345 7th Ave.,45678,,,,Default Value,,,No,Claudia,,,,Mazzanti,Default Value,,456-555-0167,Claudia Mazzanti,,,http://www.fourthcoffee.com
conrad@southridgevideo.com,Southridge Video,695-555-0126,Clinton,United States,Utah,678 Main,89713,,10/22/1976,f97f23884301a8a72cd2b70fefb6f845,Default Value,,,No,Conrad,Male,,Marketing Director,Fenwick,Default Value,Single,695-555-0129,,,,http://www.southridgevideo.com
conrad@tailspintoys.com,Tailspin Toys,720-555-0160,Denver,United States,Colorado,2345 Mill St.,84005,,9/1/1992,60cf3592820b9b8028c45b45949ffc77,Default Value,,,No,Conrad,Male,,Procurement Manager,Moller,Default Value,Single,720-555-0161,,,,http://www.tailspintoys.com
cora@contoso.com,Contoso Ltd.,661-555-0176,Los Angeles,United States,California,789 Maple Valley,75045,,3/18/1962,5a9bc4a0ba0c0dc250b66b9381b8175c,Default Value,,,No,Cora ,Female,,IT Manager,Gutierrez,Default Value,Married,983-555-0186,,,,http://www.contoso.com
corey@munsonspicklesandpreservesfarm.com,Munson's Pickles and Preserves Farm,567-555-0156,Toledo,United States,Ohio,345 Main,62958,2/4/1995,3/4/1968,2b43b27c1e9c5129c715ba0b9f64493b,Default Value,,,No,Corey,Male,,Facility Manager,Gray,Default Value,Married,567-555-0166,,,,http://www.munsonspicklesandpreservesfarm.com
courtney@treyresearch.net,Trey Research,446-555-0132,Dallas,United States,Texas,1234 Red Oak Lane,90032,,,7c1591becad855671c699afa0bca9075,Default Value,,,No,Courtney,,,,Aikenhead,Default Value,,,,,,http://www.treyresearch.net
daisy@libertysdelightfulsinfulbakeryandcafe.com,Liberty's Delightful Sinful Bakery & Cafe,281-555-0135,Houston,United States,Texas,234 2nd Ave.,90025,,8/5/1982,339069ca1b5c1b82d22a88795616b62e,Default Value,,,No,Daisy,Female,,Sales Manager,Pope,Default Value,Married,281-555-0151,,,,​http://www.libertysdelightfulsinfulbakeryandcafe.com
dale@contoso.com,Contoso Ltd.,661-555-0177,Los Angeles,United States,California,789 Maple Valley,75045,3/9/1988,6/11/1964,10c4ebd1968cf91b5dfe14bd1ecf1f8f,Default Value,,,No,Dale,Female,,Manufacturing Manager,Rollins,Default Value,Married,786-555-0163,,,,http://www.contoso.com
daniel@thephone-company.com,The Phone Company,327-555-0149,Fort Collins,United States,Colorado,1234 West Jackson,84139,,4/14/1998,290843834142043f0cbbd13be1ce6757,Default Value,,,No,Daniel,Male,,Sales Representative,Richter,Default Value,Single,327-555-0150,,,,http://www.thephone-company.com
danielle@contoso.com,Contoso Ltd.,661-555-0178,Los Angeles,United States,California,789 Maple Valley,75045,,8/29/1966,9f711385a11b0989b5207d180d95fe9d,Default Value,,,No,Danielle ,Female,,Accounting Manager,Holt,Default Value,Single,456-555-0157,,,,http://www.contoso.com
david@contoso.com,Contoso Ltd.,661-555-0179,Los Angeles,United States,California,789 Maple Valley,75045,,5/22/1972,0160de25e982e515e4ea697823c3193d,Default Value,,,No,David ,Male,,IT Director,Li,Default Value,Single,210-555-0189,,,,http://www.contoso.com
deana@vanarsdelltd.com,VanArsdel Ltd.,206-555-0179,Port Orchard,United States,Washington,4567 Park St ,10045,,6/4/1995,5438a8760b2aba9bf08cd0e8cc2ad894,Default Value,,,No,Deana,Female,,Sales Representative,Schneider,Default Value,Single,206-555-0184,,,,​http://www.vanarsdelltd.com
devon@contoso.com,Contoso Ltd.,661-555-0180,Los Angeles,United States,California,789 Maple Valley,75045,,2/28/1980,a2ec9ce244c4f59d1bb366af3d79aa16,Default Value,,,No,Devon,Female,,Accountant,Thames,Default Value,Married,567-555-0155,,,,http://www.contoso.com
dian@alpineskihouse.com,Alpine Ski House,281-555-0460,Dallas,United States,Texas,3456 B Southampton Rd,90021,,12/8/1983,5f557d826d577d81d7e08c4d0ebe11cc,Default Value,,,No,Dian,,,Sr Sourcing Manager,Ruter,Default Value,,321-555-4169,,,,http://www.alpineskihouse.com
dick@contoso.com,Contoso Ltd.,661-555-0181,Los Angeles,United States,California,789 Maple Valley,75045,,11/20/1980,d896f834e1cc8e01501d09a99ac6a195,Default Value,,,No,Dick,Male,,Sourcing Specialist,Sanches,Default Value,Single,201-555-0101,,,,http://www.contoso.com
diego@contoso.com,Contoso Ltd.,661-555-0182,Los Angeles,United States,California,789 Maple Valley,75045,,10/27/1985,29e19c3d630f4a31b1add99f75824baa,Default Value,,,No,Diego,Male,,Sales Manager,Lafferty,Default Value,Single,456-555-0166,,,,http://www.contoso.com
dilma@wideworldimporters.com,Wide World Importers,343-555-0110,Madison,United States,Illinois,12 E. Johnson,74285,,8/6/1977,c3e27c02f1975a9ee26963f3723dfb21,Default Value,,,No,Dilma,Female,,Finance Manager,Byrne,Default Value,Single,343-555-0112,,,,http://www.wideworldimporters.com
diogo@treyresearch.net,Trey Research,446-555-0133,Dallas,United States,Texas,1234 Red Oak Lane,90032,,4/19/1988,51a0d5280243cfc76131d1526a187c75,Default Value,,,No,Diogo,Male,,Senior Finance Manager,Martins,Default Value,Married,207-555-0189,,,,http://www.treyresearch.net
donnell@wingtiptoys.com,Wingtip Toys,281-555-0161,Dallas,United States,Texas,123 Madison Ave.,90082,,,b4d430c6e96584636ca69bdf512f3bb2,Default Value,,,No,Donnell,,,,Robles,Default Value,,,,,,http://www.wingtiptoys.com
doug@graphicdesigninstitute.com,Graphic Design Institute,686-555-0182,Richmond,United States,Virginia,67 Clasper Way,03902,,1/19/1979,b13f2376691d3a24f372de1afcf7f28f,Default Value,,,No,Doug,Male,,CEO,Corwin,Default Value,Divorced,725-555-0190,,,,http://www.graphicdesigninstitute.com
dwayne@alpineskihouse.com,Alpine Ski House,281-555-0461,Dallas,United States,Texas,3456 B Southampton Rd,90021,,3/13/1985,8924e847ba7b38c6fa8eab1d07de6c67,Default Value,,,No,Dwayne,Male,,Sales Manager,Elijah,Default Value,Single,281-555-0161,,,,http://www.alpineskihouse.com
dylan@woodgrovebank.com,Woodgrove Bank,816-555-0142,Kansas City,United States,Missouri ,2345 Johnson St,48026,,7/3/1985,c14a42df7723e3404aabe230c9b0566c,Default Value,,,No,Dylan,Male,,Finance Manager,Perkins,Default Value,Single,816-555-0154,,,,http://www.woodgrovebank.com
eleanor@adatum.com,Adatum Corporation,425-555-0160,Redmond,United States,Washington,2345 Birchwood Dr,98101,,2/5/1986,aa5c10f052a053208e4cd304a2304fa2,Default Value,,,No,Eleanor,Male,,Sales Manager,Ribeiro,Default Value,Married,425-555-0163,,,,http://www.adatum.com
elisabeth@adventure-works.com,Adventure Works Cycles,831-555-0180,Santa Cruz,United States,California,89 Washington Street,88558,,3/1/1997,0c424b89f6341fcad4e85bedfb17c334,Default Value,,,No,Elisabeth,Female,,Sales Representative,Quinlan,Default Value,Single,831-555-0185,,,,http://www.adventure-works.com
elliot@alpineskihouse.com,Alpine Ski House,281-555-0462,Dallas,United States,Texas,3456 B Southampton Rd,90021,,,108390d82d2f33655e5a58ecc6d08504,Default Value,,,No,Elliot,,,,Hunt,Default Value,,,,,,http://www.alpineskihouse.com
elvia@bellowscollege.com,Bellows College,773-555-0179,Chicago,United States,Illinois,456 Lake Ave.,43151,,7/6/1969,ff588f22fa0afbe931ccbefda69fe137,Default Value,,,No,Elvia,Female,,Sales Manager,Spencer,Default Value,Single,773-555-0182,,,,http://www.bellowscollege.com
emil@contoso.com/,Contoso Ltd.,661-555-0183,Los Angeles,United States,California,789 Maple Valley,75045,,3/29/1990,174f82cd70673c25501694314a00f773,Default Value,,,No,Emil ,Male,,Marketing Director,Bengoechea,Default Value,Single,206-555-0144,,,,http://www.contoso.com/
enrico@coffeelab.com,Coffee Lab APJ,353-545-6542,Trenton,United States,NJ,2500 Elm St.,432565,,,b207b224f67b39192603144eeacef3b8,Default Value,,,No,Enrico,,,COO,Cattenico,Default Value,,353-545-6542,,,,http://www.coffeelab.com
ethan@bestforyouorganics.com,Best For You Organics Company,412-555-0122,Pittsburgh,United States,Pennsylvania,567 Elm,80160,,7/25/1999,8acd8bf6403686b0f28757ef5f0f53ca,Default Value,,,No,Ethan,Male,,Marketing Director,Becker,Default Value,Single,412-555-0126,,,,http://www.bestforyouorganics.com
eva@fabrikam.com,Fabrikam Inc.,425-555-0131,Bellevue,United States,Washington,400 Maple Street,98053,,5/21/1973,d1e62de2c8cb73c9bfc055e93968ecf0,Default Value,,,No,Eva,Female,,Senior Sourcing Director,Corets,Default Value,Single,423-555-0106,,,,http://www.fabrikam.com
evan@contoso.com,Contoso Ltd.,661-555-0184,Los Angeles,United States,California,789 Maple Valley,75045,,10/15/1990,f15c22bf79ae7eee9b031f6abec92133,Default Value,,,No,Evan,Male,,Sales Representative,Hobbs,Default Value,Single,303-555-0113,,,,http://www.contoso.com
fabiana@contoso.com,Contoso Pharmaceuticals,425-555-0319,Lynnwood,United States,Washington,789 Oak Grove,14210,,,75bd8c9f38efc7420a620ff8964997a2,Default Value,,,No,Fabiana,,,,Burgess,Default Value,,,,,,http://www.contoso.com
fai@contososuites.com,Contoso Suites,206-555-0139,Seattle,United States,Washington,567 Cedar,13841,,10/9/1985,6c3f4c4932b3e2bd368d1fc700249421,Default Value,,,No,Fai,Male,,Sales Representative,Thorpe,Default Value,Single,206-555-0180,,,,http://www.contososuites.com
femke@consolidatedmessenger.com,Consolidated Messenger,674-555-0123,Santa Cruz,United States,California,4569 Balboa Court,75034,,11/20/1980,f31f51fc42e9217cef62d72440ae0729,Default Value,,,No,Femke,,,,Perkins,Default Value,,,,,,http://www.consolidatedmessenger.com
finlay@fabrikam.com,Fabrikam Inc.,425-555-0132,Bellevue,United States,Washington,400 Maple Street,98053,,,928001c5ea2053e6fb05251f3ee14a8d,Default Value,,,No,Finlay,,,,Fernandes,Default Value,,,,,,http://www.fabrikam.com
freida@lucernepublishing.com,Lucerne Publishing,206-555-0126,Bellevue,United States,Washington,123 4th Ave.,14886,,9/7/1975,f56f18925d462baa3952357e49a21212,Default Value,,,No,Freida,Female,,Sales Manager,Farley,Default Value,Single,206-555-0156,,,,http://www.lucernepublishing.com
gail@contoso.com,Contoso Ltd.,661-555-0185,Los Angeles,United States,California,789 Maple Valley,75045,,5/10/1992,a777eb6c800b77ae05cc8815ff880916,Default Value,,,No,Gail,Male,,Sales Representative,Morin,Default Value,Single,542-555-0110,,,,http://www.contoso.com
george@fabrikamresidences.com,Fabrikam Residences,321-555-0156,Orlando,United States,Florida,12 Pine Pl,98020,,9/6/1989,b62449cf1e6b3918a4aa2d094704bb2b,Default Value,,,No,George,Male,,Sales Manager,Cao,Default Value,Divorced,321-555-0181,,,,http://www.fabrikamresidences.com
giovanna@firstupconsultants.com,First Up Consultants,201-555-0103,Jersey City,United States,New Jersey,456 Exchange Pl,97242,,2/27/1982,fb11535aa3ac8a2119a02965e641f67e,Default Value,,,No,Giovanna,Female,,VP,de Boer,Default Value,Married,201-555-0153,,,,​http://www.firstupconsultants.com
graham@contoso.com,Contoso Ltd.,661-555-0186,Los Angeles,United States,California,789 Maple Valley,75045,,1/29/1965,793ca531f9c82dcd96726ab6f0f320f0,Default Value,,,No,Graham,Male,,Marketing Director,Sigmon,Default Value,Single,207-555-0180,,,,http://www.contoso.com
haroun@fabrikam.com,Fabrikam Inc.,425-555-0133,Bellevue,United States,Washington,400 Maple Street,98053,,7/2/1952,f9584bb32152aa67850764a446089eb2,Default Value,,,No,Haroun,Male,,Production Head,Stormonth,Default Value,Single,423-555-0123,,,,http://www.fabrikam.com
helena@contoso.com,Contoso Ltd.,661-555-0187,Los Angeles,United States,California,789 Maple Valley,75045,,5/22/1972,27fb415f71608c6cb32a6a65bb207680,Default Value,,,No,Helena,Female,,Production Head,Raymond,Default Value,Single,412-555-0145,,,,http://www.contoso.com
heribertoatnorthwind@northwindtraders.com,Northwind Traders,614-555-0125,Columbus,United States,Ohio,678 Dayton,60012,,11/20/1986,41239bb9237707a9f25c4b23ff6eef22,Default Value,,,No,Heriberto,Male,,COO,Nathan,Default Value,Single,614-555-0126,,,,http://www.northwindtraders.com
ida@contoso.com,Contoso Ltd.,661-555-0188,Los Angeles,United States,California,789 Maple Valley,75045,,12/1/1973,a5332e8f2b6cae6a8e99cff9812c1ca6,Default Value,,,No,Ida,Female,,IT Manager,Barton,Default Value,Married,854-555-0145,,,,http://www.contoso.com
imelda@graphicdesigninstitute.com,Graphic Design Institute,686-555-0183,Richmond,United States,Virginia,67 Clasper Way,03902,,4/5/1986,6210e758ca631d442adcfd9b9c379583,Default Value,,,No,Imelda,Male,,Sales Representative,Talbot,Default Value,Married,725-555-0188,,,,http://www.graphicdesigninstitute.com
indre@humongousinsurance.com,Humongous Insurance,674-555-0156,Santa Cruz,United States,California,345 Park Dr,75036,,3/21/1985,b2145b2317d076e148e85c93b4a08731,Default Value,,,No,Indre,Male,,Procurement Manager,Martins,Default Value,Married,674-555-0172,,,,http://www.humongousinsurance.com
isabelle@lamnahealtcare.com,Lamna Healthcare Company,614-555-0136,Columbus,United States,Ohio,678 5th Ave,62903,,5/7/1999,b3ad943e0c541da3a816cd1b6967dcbc,Default Value,,,No,Isabelle,Female,,Procurement Manager,Butcher,Default Value,Single,614-555-0142,,,,http://www.lamnahealtcare.com
iva@humongousinsurance.com,Humongous Insurance,674-555-0157,Santa Cruz,United States,California,345 Park Dr,75036,,1/3/1980,1764cda26928f386eff8bc3c8950509b,Default Value,,,No,Iva,Female,,Sales Manager,Bridges,Default Value,Married,674-555-0173,,,,http://www.humongousinsurance.com
izaak@lucernepublishing.com,Lucerne Publishing,206-555-0122,Bellevue,United States,Washington,123 4th Ave.,14886,,9/7/1991,c39bf7ddb7c1bb849e15b3b6647e2ffb,Default Value,,,No,Izaak,Male,,VP,Kazlauskiene,Default Value,Married,206-555-0152,,,,http://www.lucernepublishing.com
jan@margiestravel.com,Margie's Travel,949-555-0178,Newport Beach,United States,California,4567 Union Terrace,76101,,1/31/1985,63553fca7765e1a559d8694df883d8ec,Default Value,,,No,Jan,Male,,Marketing Director,Stevens,Default Value,Married,949-555-0181,,,,http://www.margiestravel.com
jasmin@munsonspicklesandpreservesfarm.com,Munson's Pickles and Preserves Farm,567-555-0158,Toledo,United States,Ohio,345 Main,62958,,9/21/2001,fdbd796d1d03abf55628c5c10e1babb6,Default Value,,,No,Jasmin,Female,,Procurement Manager,Sullivan,Default Value,Single,567-555-0168,,,,http://www.munsonspicklesandpreservesfarm.com
jasmine@nodpublishers.com,Nod Publishers,720-555-0174,Denver,United States,Colorado,89 Walnut St.,84001,,2/15/1987,45b1a880df5945681cd6a566bf0887b3,Default Value,,,No,Jasmine,Female,,IT Manager,Konig,Default Value,Single,720-555-0182,,,,​http://www.nodpublishers.com
jay@northwindtraders.com,Northwind Traders,614-555-0126,Columbus,United States,Ohio,678 Dayton,60012,,,dd153a4763683b32eb9695573bd1d724,Default Value,,,No,Jay,,,,Klein,Default Value,,,,,,http://www.northwindtraders.com
jessica@fabrikam.com,Fabrikam Inc.,425-555-0134,Bellevue,United States,Washington,400 Maple Street,98053,,,e8f5aaa0dff1e9aa716c7f69a0431e91,Default Value,,,No,Jessica,,,Sourcing Analyst,Rodriguez,Default Value,,974-555-0130,,,,http://www.fabrikam.com
jose@firstupconsultants.com,First Up Consultants,201-555-0110,Jersey City,United States,New Jersey,456 Exchange Pl,97242,,8/18/1988,b011fb35baf82dd40ba1daaa2d72899e,Default Value,,,No,Jose,Male,,Sales Manager,Castaneda,Default Value,Single,201-555-0151,,,,​http://www.firstupconsultants.com
katie@proseware.com,Proseware Inc.,786-555-0102,Orlando,United States,Florida,345 Detroit Ave,98047,,7/23/1996,37675d2b58e75ae68732727d61c4a7bc,Default Value,,,No,Katie,Female,,Sales Manager,Krause,Default Value,Single,786-555-0112,,,,http://www.proseware.com
kayla@relecloud.com,Relecloud,425-555-0119,Redmond,United States,Washington,45 Ridge Rd ,10011,,11/4/1986,4e0369f66debc87cfa6e691202317cce,Default Value,,,No,Kayla,Female,,VP,Thornton,Default Value,Single,425-555-0127,,,,​http://www.relecloud.com
kevin@adatum.com,Adatum Corporation,425-555-0161,Redmond,United States,Washington,2345 Birchwood Dr,43235,5/5/2004,3/4/1995,d040f3c418e8de93c152a9117d22f026,Default Value,,,No,Kevin,Male,,Sales Director,Martin,Default Value,Single,425-555-0160,,,,http://www.adatum.com
kian@fineartschool.net,School of Fine Art,408-555-0137,San Jose,United States,California,678 Main St,75034,,,6bee4a61fba5240c6600c1c8eebebff6,Default Value,,,No,Kian,,,,Jenkins,Default Value,,,,,,http://www.fineartschool.net
killian@southridgevideo.com,Southridge Video,695-555-0127,Clinton,United States,Utah,678 Main,89713,,9/20/1980,afdedc37a5120d18e2f06db34c608305,Default Value,,,No,Killian,Male,,Owner,Hackett,Default Value,Single,695-555-0130,,,,http://www.southridgevideo.com
kim@treyresearch.net,Trey Research,446-555-0134,Dallas,United States,Texas,1234 Red Oak Lane,90032,,2/7/1988,daec69098c0bf057f86046018c606d24,Default Value,,,No,Kim,Female,,"Executive Vice President, Business Development",Rocha,Default Value,Single,786-555-0189,,,,http://www.treyresearch.net
klarissa@tailspintoys.com,Tailspin Toys,720-555-0159,Denver,United States,Colorado,2345 Mill St.,84005,,5/2/2000,48c09988eac199d896c12c51a047dc2a,Default Value,,,No,Klarissa,Female,,Marketing Director,Koch,Default Value,Single,720-555-0162,,,,http://www.tailspintoys.com
klaus@treyresearch.net,Trey Research,446-555-0135,Dallas,United States,Texas,1234 Red Oak Lane,90032,,,8405b0fdb86763e84b312759d5e2e54e,Default Value,,,No,Klaus,,,,Lyons,Default Value,,,,,,http://www.treyresearch.net
kris@alpineskihouse.com,Alpine Ski House,281-555-0463,Dallas,United States,Texas,3456 B Southampton Rd,90021,,10/27/1967,1f978b4eb719c6f9bb91bfb26b008649,Default Value,,,No,Kris,,,,Dagostino,Default Value,,,,,,http://www.alpineskihouse.com
lacie@contoso.com,Contoso Ltd.,661-555-0189,Los Angeles,United States,California,789 Maple Valley,75045,,6/5/1975,de6bd7889e5289ff22adfce73f43f6c1,Default Value,,,No,Lacie ,Female,,Sales Director,Gates,Default Value,Married,446-555-0158,,,,http://www.contoso.com
latoya@northwindtraders.com,Northwind Traders,614-555-0127,Columbus,United States,Ohio,678 Dayton,60012,,,8f5123d0a98fdc90150ac04dd0eb7b00,Default Value,,,No,Latoya,,,,Osborn,Default Value,,,,,,http://www.northwindtraders.com
laura@thephone-company.com,The Phone Company,327-555-0148,Fort Collins,United States,Colorado,1234 West Jackson,84139,,3/23/2001,34703058e4c916e63a037ab8ea33deba,Default Value,,,No,Laura,Female,,Marketing Manager ,Schafer,Default Value,Married,327-555-0151,,,,http://www.thephone-company.com
laure@vanarsdelltd.com,VanArsdel Ltd.,206-555-0180,Port Orchard,United States,Washington,4567 Park St ,10045,4/1/2001,8/3/1981,9dc7e10b69eba531b97be19ea85657bf,Default Value,,,No,Laure,Female,,VP,Roth,Default Value,Married,206-555-0183,,,,​http://www.vanarsdelltd.com
laurence@nodpublishers.com,Nod Publishers,720-555-0175,Denver,United States,Colorado,89 Walnut St.,84001,,10/15/1992,e1b6a8bf4d51d0094077365ef7c559a0,Default Value,,,No,Laurence,Male,,Procurement Manager,Ethridge,Default Value,Single,720-555-0183,,,,​http://www.nodpublishers.com
lawrence@wideworldimporters.com,Wide World Importers,343-555-0121,Madison,United States,Illinois,12 E. Johnson,74285,,12/21/1981,22c7f3583ac11588a7ddb57e5d6de78d,Default Value,,,No,Lawrence,Male,,Marketing Director,Peters,Default Value,Single,343-555-0123,,,,http://www.wideworldimporters.com
lena@wingtiptoys.com,Wingtip Toys,281-555-0162,Dallas,United States,Texas,123 Madison Ave.,90082,,,4269de73e3d1b4aa78cf8ec3aa8ebfc7,Default Value,,,No,Lena,,,,Horvath,Default Value,,,,,,http://www.wingtiptoys.com
leo@woodgrovebank.com,Woodgrove Bank,816-555-0143,Kansas City,United States,Missouri ,2345 Johnson St,48026,,5/2/1998,018553748556e1b4f3c885f58bb7c1b5,Default Value,,,No,Leo,Male,,Sales Representative,Lammers,Default Value,Single,816-555-0153,,,,http://www.woodgrovebank.com
liam@adatum.com,Adatum Corporation,425-555-0162,Redmond,United States,Washington,2345 Birchwood Dr,98101,,6/21/1982,8af14056ffc55fccd27b082498364671,Default Value,,,No,Liam,Male,,CEO,Bondar,Default Value,Married,425-555-0162,,,,http://www.adatum.com
libby@adventure-works.com,Adventure Works Cycles,831-555-0181,Santa Cruz,United States,California,89 Washington Street,88558,,5/17/1984,d4a0975205dc5748d1daec62b357fa32,Default Value,,,No,Libby,Female,,CEO,Graf,Default Value,Single,831-555-0186,,,,http://www.adventure-works.com
lilly@alpineskihouse.com,Alpine Ski House,281-555-0464,Dallas,United States,Texas,3456 B Southampton Rd,90021,,,15652d940927548f51a32c5863e7cf61,Default Value,,,No,Lilly,,,,Hunt,Default Value,,,,,,http://www.alpineskihouse.com
lina@bellowscollege.com,Bellows College,773-555-0178,Chicago,United States,Illinois,456 Lake Ave.,43151,6/7/2001,2/4/1971,e7bb6034fad9574bb5a28568a6819d61,Default Value,,,No,Lina,Female,,President,Nevland,Default Value,Married,773-555-0183,,,,http://www.bellowscollege.com
logan@bestforyouorganics.com,Best For You Organics Company,412-555-0120,Pittsburgh,United States,Pennsylvania,567 Elm,80160,9/3/2007,12/8/1983,0feda802dd80a767e7318a182c1277e8,Default Value,,,No,Logan,Male,,Owner,Patterson,Default Value,Married,412-555-0127,,,,http://www.bestforyouorganics.com
lola@contoso.com,Contoso Ltd.,661-555-0190,Los Angeles,United States,California,789 Maple Valley,75045,,5/29/1981,afb607bfe0fa8eccfe17f3fbf2e08d77,Default Value,,,No,Lola,Female,,Procurement Manager,Vogel,Default Value,Married,765-555-0199,,,,http://www.contoso.com
lorenzo@treyresearch.net,Trey Research,446-555-0136,Dallas,United States,Texas,1234 Red Oak Lane,90032,,11/25/1968,07b3a5389302b24b84a6d342f2b1ff8f,Default Value,,,No,Lorenzo,Male,,Chief Marketing Officer,Wix,Default Value,Single,425-555-0116,,,,http://www.treyresearch.net
louise@contoso.com,Contoso Ltd.,661-555-0191,Los Angeles,United States,California,789 Maple Valley,75045,,8/31/1982,4f68a483bec50b39859a6e581737fde7,Default Value,,,No,Louise ,Male,,Sales Representative,Frazier,Default Value,Married,425-555-0159,,,,http://www.contoso.com
lourdes@adventure-works.com,Adventure Works Cycles,831-555-0182,Santa Cruz,United States,California,89 Washington Street,88558,,9/27/1987,1765734305f78cc598b903a69481bc7c,Default Value,,,No,Lourdes,Male,,Finance Manager,Schmidt,Default Value,Single,831-555-0187,,,,http://www.adventure-works.com
lucas@contoso.com,Contoso Pharmaceuticals,425-555-0320,Lynnwood,United States,Washington,789 Oak Grove,14210,,,7d7b1b269daba6f4d70f85d56546eabf,Default Value,,,No,Lucas,,,,Wagner,Default Value,,,,,,http://www.contoso.com
lucy@contososuites.com,Contoso Suites,206-555-0138,Seattle,United States,Washington,567 Cedar,13841,,3/17/1989,35ea6cd52536d4da048780b1b0228380,Default Value,,,No,Lucy,Female,,Procurement Manager,Lambert,Default Value,Married,206-555-0181,,,,http://www.contososuites.com
lukas@contoso.com,Contoso Ltd.,661-555-0192,Los Angeles,United States,California,789 Maple Valley,75045,,9/24/1983,1ee621d787d9da2fe0ab36a4ecbb795b,Default Value,,,No,Lukas ,Male,,Marketing Manager ,Heilos,Default Value,Married,425-555-0176,,,,http://www.contoso.com
manchu@consolidatedmessenger.com,Consolidated Messenger,674-555-0124,Santa Cruz,United States,California,4570 Balboa Court,75034,,2/18/2000,df5f28ecf0f405150450b311ce8ba05b,Default Value,,,No,Manchu,,,,Kumm,Default Value,,,,,,http://www.consolidatedmessenger.com
mandy@fabrikam.com,Fabrikam Inc.,425-555-0135,Bellevue,United States,Washington,400 Maple Street,98053,,,54e31436c0d944f90883228d57807ba0,Default Value,,,No,Mandy,,,,McBride,Default Value,,,,,,http://www.fabrikam.com
maria@fabrikamresidences.com,Fabrikam Residences,321-555-0155,Orlando,United States,Florida,12 Pine Pl,98020,,9/16/1991,902641917363dbfbccd7143b4f53a572,Default Value,,,No,Maria,Female,,Sales Representative,Wilkins,Default Value,Single,321-555-0182,,,,http://www.fabrikamresidences.com
marie@firstupconsultants.com,First Up Consultants,201-555-0104,Jersey City,United States,New Jersey,456 Exchange Pl,97242,,7/5/1985,89bbced71a3d5310e870f22022d58d25,Default Value,,,No,Marie,Female,,Finance Manager,Chen,Default Value,Married,201-555-0154,,,,​http://www.firstupconsultants.com
marla@vanarsdelltd.com,VanArsdel Ltd.,206-555-0181,Port Orchard,United States,Washington,4567 Park St ,10045,,9/30/1983,cf095a9ea043b3c24084c70b782ea467,Default Value,,,No,Marla,Female,,Procurement Manager,Drake,Default Value,Married,206-555-0182,,,,​http://www.vanarsdelltd.com
marvin@fabrikam.com,Fabrikam Inc.,425-555-0136,Bellevue,United States,Washington,400 Maple Street,98053,,,f52839c3d3223ef0070d27d0d84a7677,Default Value,,,No,Marvin,,,,Settles,Default Value,,,,,,http://www.fabrikam.com
matilda@fineartschool.net,School of Fine Art,408-555-0138,San Jose,United States,California,678 Main St,75034,,,39dd864d1887369b1183b9c99ec01c0f,Default Value,,,No,Matilda,,,,Boyle,Default Value,,,,,,http://www.fineartschool.net
meghan@graphicdesigninstitute.com,Graphic Design Institute,686-555-0184,Richmond,United States,Virginia,67 Clasper Way,03902,,7/30/1987,f1eb3973346b34f0e39bb471976cf738,Default Value,,,No,Meghan,Male,,Finance Manager,Urban,Default Value,Married,725-555-0189,,,,http://www.graphicdesigninstitute.com
michelle@treyresearch.net,Trey Research,446-555-0137,Dallas,United States,Texas,1234 Red Oak Lane,90032,,12/14/1982,dc65f5f8e650eee689c79c7ba6f71829,Default Value,,,No,Michelle,Female,,Senior Product Marketing Manager,Harris,Default Value,Single,367-555-0191,,,,http://www.treyresearch.net
miguel@northwindtraders.com,Northwind Traders,614-555-0128,Columbus,United States,Ohio,678 Dayton,60012,,7/7/1986,96a3464bc9e1dfdc3d0575177dfc58e4,Default Value,,,No,Miguel,Male,,Purchasing Manager,Garcia,Default Value,Single,614-555-0128,,,,http://www.northwindtraders.com
mikayla@humongousinsurance.com,Humongous Insurance,674-555-0158,Santa Cruz,United States,California,345 Park Dr,75036,,5/25/2000,29ab1b5152f1202e558d4d4a0c2d1fb6,Default Value,,,No,Mikayla,Female,,Finance Manager,Becker,Default Value,Married,674-555-0174,,,,http://www.humongousinsurance.com
mille@lamnahealtcare.com,Lamna Healthcare Company,614-555-0137,Columbus,United States,Ohio,678 5th Ave,62903,,6/3/1987,b8840e393ee621ac63391660713f87d9,Default Value,,,No,Mille,Female,,VP,Mellor,Default Value,Married,614-555-0143,,,,http://www.lamnahealtcare.com
morgan@lucernepublishing.com,Lucerne Publishing,206-555-0123,Bellevue,United States,Washington,123 4th Ave.,14886,,8/18/1995,5d95c37fd18ae4a5e16cce46da189dd3,Default Value,,,No,Morgan,Female,,Marketing Manager ,Alden,Default Value,Single,206-555-0153,,,,http://www.lucernepublishing.com
myrtle@nodpublishers.com,Nod Publishers,720-555-0176,Denver,United States,Colorado,89 Walnut St.,84001,11/6/2013,4/11/1994,1f6e1f080289474384c41ad1ac0828f4,Default Value,,,No,Myrtle,Male,,Marketing Director,Zamora,Default Value,Married,720-555-0184,,,,​http://www.nodpublishers.com
nancy@wingtiptoys.com,Wingtip Toys,281-555-0163,Dallas,United States,Texas,123 Madison Ave.,90082,,3/31/1994,02a27f2c259da20149d361b87161438d,Default Value,,,No,Nancy,Female,,VP,Cook,Default Value,Single,281-555-0162,,,,http://www.wingtiptoys.com
naoki@humongousinsurance.com,Humongous Insurance,674-555-0159,Santa Cruz,United States,California,345 Park Dr,75036,,8/16/1982,eeeda07033579139933cffed11bb45c4,Default Value,,,No,Naoki,Male,,Production Head,Sato,Default Value,Single,674-555-0175,,,,http://www.humongousinsurance.com
nealy@woodgrovebank.com,Woodgrove Bank,816-555-0144,Kansas City,United States,Missouri ,2345 Johnson St,48026,,4/15/1997,fc615151ef3e93a0dcbe42d106b73f43,Default Value,,,No,Nealy,Male,,Sales Manager,Middas,Default Value,Married,816-555-0150,,,,http://www.woodgrovebank.com
neel@thephone-company.com,The Phone Company,327-555-0146,Fort Collins,United States,Colorado,1234 West Jackson,84139,,8/14/2000,82ae6d96cf69b1acc1de211d553849b5,Default Value,,,No,Neel,Female,,Sales Manager,Marke,Default Value,Single,327-555-0153,,,,http://www.thephone-company.com
neron@woodgrovebank.com,Woodgrove Bank,816-555-0145,Kansas City,United States,Missouri ,2345 Johnson St,48026,,9/1/1989,f1a829c97b4562fdbe10f42212c9cf34,Default Value,,,No,Neron,Male,,CTO,Pick,Default Value,Married,816-555-0151,,,,http://www.woodgrovebank.com
niclaus@margiestravel.com,Margie's Travel,949-555-0179,Newport Beach,United States,California,4567 Union Terrace,76101,,5/20/1990,4cf6fbb0269b0c7ef1f9301b00ab276f,Default Value,,,No,Niclaus,Male,,VP,Bardsen,Default Value,Married,949-555-0182,,,,http://www.margiestravel.com
nicolas@munsonspicklesandpreservesfarm.com,Munson's Pickles and Preserves Farm,567-555-0159,Toledo,United States,Ohio,345 Main,62958,,8/1/1983,9d01bc0eff2eb3c29ceb31abbd2cf4ef,Default Value,,,No,Nicolas,Male,,Sales Director,Patterson,Default Value,Single,567-555-0169,,,,http://www.munsonspicklesandpreservesfarm.com
niklaus@nodpublishers.com,Nod Publishers,720-555-0178,Denver,United States,Colorado,89 Walnut St.,84001,,4/30/2000,a766f43d39c73770cda3c3d40bb4ad7b,Default Value,,,No,Niklaus,Male,,Sales Representative,Stevens,Default Value,Married,720-555-0185,,,,​http://www.nodpublishers.com
nopparat@northwindtraders.com,Northwind Traders,614-555-0129,Columbus,United States,Ohio,678 Dayton,60012,,,95dd69c60c3f05b0bd9338d3b9978aef,Default Value,,,No,Nopparat,,,,Graf,Default Value,,,,,,http://www.northwindtraders.com
orestas@proseware.com,Proseware Inc.,786-555-0103,Orlando,United States,Florida,345 Detroit Ave,98047,,8/11/1997,4d84a41a5e65ddd04cfe113b7c45593e,Default Value,,,No,Orestas,Male,,Marketing Director,Ponce,Default Value,Single,786-555-0113,,,,http://www.proseware.com
orestas@relecloud.com,Relecloud,425-555-0121,Redmond,United States,Washington,45 Ridge Rd ,10011,,2/18/1993,5f20e3669d4a8281cd23f4a47beb4115,Default Value,,,No,Orestas,Male,,Sales Manager,Schafer,Default Value,Married,425-555-0128,,,,​http://www.relecloud.com
paloma@fineartschool.net,School of Fine Art,408-555-0139,San Jose,United States,California,678 Main St,75034,,,60f58ac7ea380b9b099f017379c215ed,Default Value,,,No,Paloma,,,,Santisakul,Default Value,,,,,,http://www.fineartschool.net
parsifal@adventure-works.com,Adventure Works Cycles,831-555-0183,Santa Cruz,United States,California,89 Washington Street,88558,,7/22/1968,68c0be4ca256613ca88287b9908fda49,Default Value,,,No,Parsifal,Male,,Production Head,Troker,Default Value,Married,831-555-0181,,,,http://www.adventure-works.com
patrick@lucernepublishing.com,Lucerne Publishing,206-555-0125,Bellevue,United States,Washington,123 4th Ave.,14886,,11/10/1958,d02ea886d36032c98ccb213942b82732,Default Value,,,No,Patrick,Male,,Purchasing Assistant,Steiner,Default Value,Divorced,206-555-0155,,,,http://www.lucernepublishing.com
petr@proseware.com,Proseware Inc.,786-555-0104,Orlando,United States,Florida,345 Detroit Ave,98047,12/9/1999,12/1/1982,cef2e17ce43b480db7ca8dc0bc549503,Default Value,,,No,Petr,Male,,Sales Director,Karásek,Default Value,Married,786-555-0114,,,,http://www.proseware.com
qiong@southridgevideo.com,Southridge Video,695-555-0128,Clinton,United States,Utah,678 Main,89713,2/4/2020,8/2/2001,6a65f18340a9e9644c70e260b11a7097,Default Value,,,No,Qiong,Female,,Sales Manager,Miskinis,Default Value,Married,695-555-0131,,,,http://www.southridgevideo.com
rachel@fabrikamresidences.com,Fabrikam Residences,321-555-0152,Orlando,United States,Florida,12 Pine Pl,98020,4/6/1998,3/12/1981,c846f0bc039bd94854ab3b2295f1dcbc,Default Value,,,No,Rachel,Female,,VP,Michael,Default Value,Married,321-555-0185,,,,http://www.fabrikamresidences.com
rafael@consolidatedmessenger.com,Consolidated Messenger,674-555-0126,Santa Cruz,United States,California,4571 Balboa Court,75034,,3/14/1985,4915e4b95fe6fd18840ab484ae7532d8,Default Value,,,No,Rafael,Male,,Purchasing Manager,Cothran,Default Value,Married,674-555-0128,,,,http://www.consolidatedmessenger.com
raymond@tailspintoys.com,Tailspin Toys,720-555-0158,Denver,United States,Colorado,2345 Mill St.,84005,,4/2/1998,65f5fbd573cc8246af01bc1edfcb235f,Default Value,,,No,Raymond,Male,,Sales Manager,Simkus,Default Value,Single,720-555-0163,,,,http://www.tailspintoys.com
reynaldo@treyresearch.net,Trey Research,446-555-0138,Dallas,United States,Texas,1234 Red Oak Lane,90032,,,ed4f587560d060f8278a3dbdfd68496c,Default Value,,,No,Reynaldo,,,,Jimenez,Default Value,,,,,,http://www.treyresearch.net
rhys@thephone-company.com,The Phone Company,327-555-0147,Fort Collins,United States,Colorado,1234 West Jackson,84139,,9/4/1958,4f8d90160cbef781cd90cd86855e6f73,Default Value,,,No,Rhys,Male,,CFO,Ren,Default Value,Married,327-555-0152,,,,http://www.thephone-company.com
robert@contoso.com,Contoso Pharmaceuticals,425-555-0321,Lynnwood,United States,Washington,789 Oak Grove,14210,,3/12/1978,2086898b62930d64b33966cdc043b420,Default Value,,,No,Robert,Male,,VP,Lyon,Default Value,Single,425-555-0155,,,,http://www.contoso.com
robin@vanarsdelltd.com,VanArsdel Ltd.,206-555-0182,Port Orchard,United States,Washington,4567 Park St ,10045,,4/12/1995,72e842133e206fd605fd2a95419b3040,Default Value,,,No,Robin,Male,,Marketing Manager ,Bracken,Default Value,Single,206-555-0181,,,,​http://www.vanarsdelltd.com
robin@graphicdesigninstitute.com,Graphic Design Institute,686-555-0185,Richmond,United States,Virginia,67 Clasper Way,03902,,3/26/1985,9030c5f086d1e17a01db6c3e37eec350,Default Value,,,No,Robin,Female,,Procurement Manager,Counts,Default Value,Single,725-555-0191,,,,http://www.graphicdesigninstitute.com
rodrigo@wideworldimporters.com,Wide World Importers,343-555-0132,Madison,United States,Illinois,12 E. Johnson,74285,,4/4/1985,12b209b360166fd199c6c4c2d77e48c0,Default Value,,,No,Rodrigo,Male,,Sales Manager,Carrera,Default Value,Married,343-555-0133,,,,http://www.wideworldimporters.com
roland@vanarsdelltd.com,VanArsdel Ltd.,206-555-0183,Port Orchard,United States,Washington,4567 Park St ,10045,,3/22/1991,48c1f985532a08898dfd42a84d876fd1,Default Value,,,No,Roland,Male,,Sales Manager,Hofmann,Default Value,Divorced,206-555-0180,,,,​http://www.vanarsdelltd.com
rory@fineartschool.net,School of Fine Art,408-555-0140,San Jose,United States,California,678 Main St,75034,2/3/2015,3/2/1995,08f9adb08c057f725fcf7fe9a5a58d9d,Default Value,,,No,Rory ,Male,,Marketing Director,Flowers,Default Value,Married,408-555-0148,,,,http://www.fineartschool.net
ryan@wingtiptoys.com,Wingtip Toys,281-555-0164,Dallas,United States,Texas,123 Madison Ave.,90082,,,9b690eaac4c33d02f481ef2665032dbc,Default Value,,,No,Ryan,,,,Lynch,Default Value,,,,,,http://www.wingtiptoys.com
sadie@fineartschool.net,School of Fine Art,408-555-0141,San Jose,United States,California,678 Main St,75034,,,9afe03ee48758c50442fc3bd71b30348,Default Value,,,No,Sadie,,,,Middleton,Default Value,,,,,,http://www.fineartschool.net
samuel@woodgrovebank.com,Woodgrove Bank,816-555-0146,Kansas City,United States,Missouri ,2345 Johnson St,48026,,8/25/1996,b3067947b115839bb225d96ecd288779,Default Value,,,No,Samuel,Male,,Marketing Director,Harr,Default Value,Single,816-555-0152,,,,http://www.woodgrovebank.com
sara@contoso.com,Contoso Ltd.,661-555-0193,Los Angeles,United States,California,789 Maple Valley,75045,,,11de33d9f657a7f47907ce2890f1683e,Default Value,,,No,Sara ,,,,Wright,Default Value,,,,,,http://www.contoso.com
savannah@adatum.com,Adatum Corporation,425-555-0163,Redmond,United States,Washington,2345 Birchwood Dr,98101,,10/21/1987,9150df01f4572fa3fe3244eff5437add,Default Value,,,No,Savannah,Female,,Finance Manager,Soares,Default Value,Single,425-555-0161,,,,http://www.adatum.com
sean@treyresearch.net,Trey Research,446-555-0139,Dallas,United States,Texas,1234 Red Oak Lane,90032,,4/12/1981,8ac45f936935078fbfbb3b78f20e8ab8,Default Value,,,No,Sean,Male,,Manufacturing Manager,Storm,Default Value,Single,409-555-0168,,,,http://www.treyresearch.net
shaun@fineartschool.net,School of Fine Art,408-555-0142,San Jose,United States,California,678 Main St,75034,,8/1/1959,9afce3f9cbb487722ab15a072773033a,Default Value,,,No,Shaun,Male,,President,Beasley,Default Value,Divorced,408-555-0147,,,,http://www.fineartschool.net
skye@adventure-works.com,Adventure Works Cycles,831-555-0184,Santa Cruz,United States,California,89 Washington Street,88558,,12/15/1992,38e9c84f80d7235cb84e82d044f2a858,Default Value,,,No,Skye,Female,,Sales Manager,Perkins,Default Value,Married,831-555-0188,,,,http://www.adventure-works.com
sonia@alpineskihouse.com,Alpine Ski House,281-555-0465,Dallas,United States,Texas,3456 B Southampton Rd,90021,,,843c4a6e2bd2fb6da74d45a6b7442c2d,Default Value,,,No,Sonia,,,,Osorio,Default Value,,,,,,http://www.alpineskihouse.com
sophia@bellowscollege.com,Bellows College,773-555-0177,Chicago,United States,Illinois,456 Lake Ave.,43151,,8/27/1984,9f9f0daad76303c274eafaa7070978e9,Default Value,,,No,Sophia,Female,,Marketing Director,Hatfield,Default Value,Married,773-555-0184,,,,http://www.bellowscollege.com
sophie@bestforyouorganics.com,Best For You Organics Company,412-555-0121,Pittsburgh,United States,Pennsylvania,567 Elm,80160,,5/23/1987,ba1600656f51bfe4513a6d120c2de48e,Default Value,,,No,Sophie,Female,,Finance Manager,Marsh,Default Value,Married,412-555-0128,,,,http://www.bestforyouorganics.com
sue@munsonspicklesandpreservesfarm.com,Munson's Pickles and Preserves Farm,567-555-0161,Toledo,United States,Ohio,345 Main,62958,,7/1/1992,323be653e4ee3decc4633723360b9274,Default Value,,,No,Sue,Female,,IT Manager,Vance,Default Value,Divorced,567-555-0171,,,,http://www.munsonspicklesandpreservesfarm.com
taylor@contoso.com,Contoso Ltd.,661-555-0194,Los Angeles,United States,California,789 Maple Valley,75045,,8/11/1992,5bfea859692bdc375182c314ce5f1657,Default Value,,,No,Taylor,Female,,Sales Manager,Curtis,Default Value,Married,364-555-0172,,,,http://www.contoso.com
terri@contoso.com,Contoso Pharmaceuticals,425-555-0322,Lynnwood,United States,Washington,789 Oak Grove,14210,,,7c4f98af177d11fea50c1c6fc9d83531,Default Value,,,No,Terri,,,,Lynch,Default Value,,,,,,http://www.contoso.com
tetyana@contososuites.com,Contoso Suites,206-555-0140,Seattle,United States,Washington,567 Cedar,13841,,2/18/2000,93556236a20b1715d13606632ed5e120,Default Value,,,No,Tetyana,Female,,Marketing Director,Klein,Default Value,Married,206-555-0182,,,,http://www.contososuites.com
thomas@consolidatedmessenger.com,Consolidated Messenger,674-555-0125,Santa Cruz,United States,California,4572 Balboa Court,75034,,1/29/1965,09f64cf1233e3f28e2c1073bf2a7c426,Default Value,,,No,Thomas,,,,Lynch,Default Value,,,,,,http://www.consolidatedmessenger.com
tihomir@fineartschool.net,School of Fine Art,408-555-0143,San Jose,United States,California,678 Main St,75034,,7/15/1966,a81f5f99eedad0afb061e8c6fecc2c8a,Default Value,,,No,Tihomir,Male,,Manufacturing Manager,Sasic,Default Value,Single,408-555-0146,,,,http://www.fineartschool.net
timo@fabrikam.com,Fabrikam Inc.,425-555-0137,Bellevue,United States,Washington,400 Maple Street,98053,,,13ad6665bb2485bff1f82f8c094a90e4,Default Value,,,No,Timo,,,,Watkins,Default Value,,,,,,http://www.fabrikam.com
tracy@lamnahealtcare.com,Lamna Healthcare Company,614-555-0138,Columbus,United States,Ohio,678 5th Ave,62903,5/8/1999,1/4/1989,1c2822a064d951ccfeb05f5f09081d62,Default Value,,,No,Tracy,Female,,Procurement Manager,Harding,Default Value,Married,614-555-0144,,,,http://www.lamnahealtcare.com
tyson@fabrikamresidences.com,Fabrikam Residences,321-555-0154,Orlando,United States,Florida,12 Pine Pl,98020,,5/21/1992,74e25ea9ace0dbe4605c7c20f1f740f0,Default Value,,,No,Tyson,Male,,Marketing Manager ,Montenegro,Default Value,Married,321-555-0183,,,,http://www.fabrikamresidences.com
uzi@graphicdesigninstitute.com,Graphic Design Institute,686-555-0186,Richmond,United States,Virginia,67 Clasper Way,03902,,12/4/1974,fb2c660b55ac0def43952e3c7cfd7fc4,Default Value,,,No,Uzi,Male,,Marketing Manager ,Hefetz,Default Value,Divorced,725-555-0192,,,,http://www.graphicdesigninstitute.com
viara@lucernepublishing.com,Lucerne Publishing,206-555-0124,Bellevue,United States,Washington,123 4th Ave.,14886,,2/4/1982,3837bc730611c452ea3cac8dc72147c7,Default Value,,,No,Viara,Female,,CTO,Kalnakova,Default Value,Married,206-555-0154,,,,http://www.lucernepublishing.com
vickied@fourthcoffee.com,Fourth Coffee,725-555-0183,San Francisco,United States,California,345 7th Ave.,45678,,4/15/2001,5d93bbe4f77a29f0325993790571edfb,Default Value,,,No,Vickie,Female,,Sales Manager,Duckett,Default Value,Single,415-555-0181,,,,http://www.fourthcoffee.com
victoria@treyresearch.net,Trey Research,446-555-0140,Dallas,United States,Texas,1234 Red Oak Lane,90032,,2/5/1996,86724f85273a99ed5dc6e97f2fc50e38,Default Value,,,No,Victoria,Female,,Sales Manager,Burke,Default Value,Single,567-555-0155,,,,http://www.treyresearch.net
viggo@northwindtraders.com,Northwind Traders,614-555-0130,Columbus,United States,Ohio,678 Dayton,60012,,12/7/1990,e130972e2856384fcc64c50d640d8665,Default Value,,,No,Viggo,Male,,Production Head,Forde,Default Value,Divorced,614-555-0127,,,,http://www.northwindtraders.com
vira@fabrikamresidences.com,Fabrikam Residences,321-555-0153,Orlando,United States,Florida,12 Pine Pl,98020,,6/27/1994,45ac19863cebf2a416c1ff04090ef19d,Default Value,,,No,Vira,Female,,Procurement Manager,Oleksienko,Default Value,Married,321-555-0184,,,,http://www.fabrikamresidences.com
wendell@firstupconsultants.com,First Up Consultants,201-555-0105,Jersey City,United States,New Jersey,456 Exchange Pl,97242,2/7/2010,3/11/1986,9aeb5d3b5591675dd3088612eece4458,Default Value,,,No,Wendell,Male,,Procurement Manager,Cochran,Default Value,Married,201-555-0155,,,,​http://www.firstupconsultants.com
wendi@munsonspicklesandpreservesfarm.com,Munson's Pickles and Preserves Farm,567-555-0160,Toledo,United States,Ohio,345 Main,62958,,8/14/1995,5166a2f168acd19055a51cfdb7e188f1,Default Value,,,No,Wendi,Female,,Marketing Director,Crosby,Default Value,Married,567-555-0170,,,,http://www.munsonspicklesandpreservesfarm.com
zoltan@fabrikam.com,Fabrikam Inc.,425-555-0138,Lynnwood,United States,Tennessee,6789 Edwards Ave.,37010,2/13/2008,11/10/1986,7d72fc98f3f151d76ec4bc85b830ff9a,Default Value,,,No,Zoltán,Male,,Sales Manager,Szabó,Default Value,Married,423-555-0121,,,,http://www.fabrikam.com
Viggo,Forde,viggo@contoso.com,Northwind Traders,614-555-0124,,,,,,,,,,,,,,,,,,,,,,
Vinay,Y,vinay.yeddula@microsoft.com,,,,,,,,,,,,,,,,,,,,,,,,
Vira,Oleksienko,vira@contoso.com,Fabrikam Residences,321-555-0153,,,,,,,,,,,,,,,,,,,,,,
Wendell,Cochran,wendell@contoso.com,First Up Consultants,201-555-0105,,,,,,,,,,,,,,,,,,,,,,
Wendi,Crosby,wendi@contoso.com,Munson's Pickles and Preserves Farm,567-555-0160,,,,,,,,,,,,,,,,,,,,,,
Zoltán,Szabó,zoltan@fabrikaminc.com,Fabrikam Inc.,423-555-0120,,,,,,,,,,,,,,,,,,,,,,
